name,episode,cum_reward,yield_kg_ha,total_N_kg_ha,total_W_mm,total_rain_mm,R_seasonal,R_yield,R_hiad,R_ane
Random,1,0.3477,12524.9,3520.6,859.7,358.1,-0.0427,1.0,0.3061,-0.9111
Random,2,0.3916,13306.6,3258.2,785.2,635.9,-0.0306,1.0,0.3878,-0.8979
Random,3,0.2118,10560.4,3566.5,749.2,946.6,-0.1686,0.7718,0.0053,-0.926
Random,4,0.3563,11491.1,3111.2,792.4,613.3,-0.0674,1.0,0.0489,-0.9077
Random,5,0.3807,11412.9,3157.5,783.2,244.8,-0.0601,0.9955,0.1461,-0.9096
Random,6,0.4053,12572.8,2902.9,759.4,440.5,-0.0297,1.0,0.378,-0.8917
Random,7,0.3255,11093.5,2790.2,803.8,382.3,-0.1001,0.9117,0.0541,-0.9006
Random,8,0.3267,11304.5,2992.4,788.3,231.3,-0.0755,0.9671,0.0936,-0.9056
Random,9,0.1658,9923.4,3313.3,802.9,500.8,-0.2554,0.6046,-0.1972,-0.9251
Random,10,0.3275,11535.8,3070.1,828.7,654.1,-0.0697,1.0,0.0211,-0.9061
Random,11,0.1587,9988.0,3138.8,885.5,359.1,-0.2219,0.6215,0.0563,-0.9204
Random,12,0.2438,10333.6,3090.2,796.3,471.7,-0.195,0.7122,-0.0502,-0.9164
Random,13,0.1338,9882.0,3028.5,802.5,1103.0,-0.2449,0.5937,-0.0688,-0.9184
Random,14,0.2371,10544.9,3403.3,804.8,532.4,-0.1725,0.7677,-0.0285,-0.9225
Random,15,0.2379,10489.6,3459.1,795.5,746.6,-0.1722,0.7532,0.038,-0.9242
Random,16,0.1736,10197.2,3127.4,788.9,477.2,-0.2098,0.6764,-0.048,-0.9185
Random,17,0.3461,11640.5,3324.9,871.5,569.5,-0.0492,1.0,0.2456,-0.9125
Random,18,0.2193,10215.3,3134.8,784.5,820.9,-0.1871,0.6812,0.16,-0.9185
Random,19,0.1786,9940.8,2932.8,743.2,478.0,-0.24,0.6091,-0.0911,-0.9153
Random,20,0.2982,11020.6,3222.8,816.6,391.4,-0.1051,0.8926,0.1221,-0.9145
Fixed-schedule,1,0.0441,5174.3,120.0,256.0,358.1,-0.3712,-0.6419,-0.2659,0.078
Fixed-schedule,2,0.5155,7992.4,120.0,256.0,635.9,0.1524,0.0977,0.2496,0.6651
Fixed-schedule,3,-0.1866,4537.2,120.0,256.0,946.6,-0.5118,-0.8091,-0.6056,-0.0548
Fixed-schedule,4,-0.147,4433.7,120.0,256.0,613.3,-0.5057,-0.8363,-0.3706,-0.0763
Fixed-schedule,5,0.5031,7462.1,120.0,248.0,244.8,0.062,-0.0415,0.2183,0.5546
Fixed-schedule,6,0.3983,7081.4,120.0,248.0,440.5,-0.0108,-0.1414,0.1271,0.4753
Fixed-schedule,7,-0.2988,3535.5,120.0,256.0,382.3,-0.6841,-1.0,-0.939,-0.2634
Fixed-schedule,8,0.4607,5901.8,120.0,240.0,231.3,-0.2054,-0.451,0.1414,0.2295
Fixed-schedule,9,-0.2859,3510.5,120.0,256.0,500.8,-0.6791,-1.0,-0.873,-0.2686
Fixed-schedule,10,0.5879,8114.5,120.0,256.0,654.1,0.1833,0.1298,0.3546,0.6905
Fixed-schedule,11,0.474,7336.7,120.0,256.0,359.1,0.0121,-0.0744,-0.0548,0.5285
Fixed-schedule,12,-0.2057,3998.7,120.0,256.0,471.7,-0.6386,-0.9505,-0.9715,-0.1669
Fixed-schedule,13,-0.1374,5007.6,120.0,248.0,1103.0,-0.425,-0.6857,-0.5414,0.0432
Fixed-schedule,14,-0.0055,3306.8,120.0,256.0,532.4,-0.6614,-1.0,-0.5689,-0.3111
Fixed-schedule,15,-0.0641,5051.3,120.0,256.0,746.6,-0.3995,-0.6742,-0.3435,0.0523
Fixed-schedule,16,0.2533,6596.2,120.0,248.0,477.2,-0.1273,-0.2687,-0.2249,0.3742
Fixed-schedule,17,0.5488,7837.2,120.0,256.0,569.5,0.1183,0.057,0.1692,0.6328
Fixed-schedule,18,0.089,5594.8,120.0,256.0,820.9,-0.296,-0.5315,-0.2181,0.1656
Fixed-schedule,19,-0.1478,4441.2,120.0,248.0,478.0,-0.5147,-0.8343,-0.4899,-0.0747
Fixed-schedule,20,0.8224,8821.3,120.0,256.0,391.4,0.298,0.3153,0.317,0.8378
Stage-based,1,0.8224,10306.9,150.0,410.0,358.1,0.3913,0.7052,0.5087,0.7178
Stage-based,2,0.0873,6519.1,150.0,410.0,635.9,-0.246,-0.2889,0.0063,0.0865
Stage-based,3,-0.1282,5459.0,150.0,380.0,946.6,-0.4521,-0.5672,-0.4722,-0.0902
Stage-based,4,0.09,6395.5,150.0,390.0,613.3,-0.3009,-0.3214,-0.3909,0.0659
Stage-based,5,0.8096,10123.0,150.0,400.0,244.8,0.3558,0.6569,0.4184,0.6872
Stage-based,6,0.7011,9867.3,150.0,400.0,440.5,0.32,0.5899,0.4573,0.6446
Stage-based,7,0.2916,7720.8,150.0,400.0,382.3,-0.068,0.0265,-0.0962,0.2868
Stage-based,8,0.7231,9791.4,150.0,380.0,231.3,0.28,0.5699,0.1346,0.6319
Stage-based,9,0.2916,7484.7,150.0,410.0,500.8,-0.1236,-0.0355,-0.2663,0.2475
Stage-based,10,-0.2124,4974.9,150.0,390.0,654.1,-0.5423,-0.6943,-0.6033,-0.1709
Stage-based,11,0.2672,7614.9,150.0,400.0,359.1,-0.0731,-0.0013,0.0173,0.2691
Stage-based,12,0.032,5992.9,150.0,410.0,471.7,-0.3735,-0.4271,-0.4535,-0.0012
Stage-based,13,-0.2233,5078.6,150.0,390.0,1103.0,-0.524,-0.667,-0.5811,-0.1536
Stage-based,14,0.1567,6623.3,150.0,380.0,532.4,-0.2488,-0.2616,-0.2433,0.1039
Stage-based,15,0.1143,6530.2,150.0,400.0,746.6,-0.2653,-0.286,-0.2238,0.0884
Stage-based,16,-0.1743,5444.7,150.0,390.0,477.2,-0.4677,-0.5709,-0.5852,-0.0925
Stage-based,17,0.2265,7472.1,150.0,420.0,569.5,-0.0998,-0.0388,0.0113,0.2453
Stage-based,18,-0.085,5605.5,150.0,400.0,820.9,-0.4039,-0.5287,-0.1772,-0.0658
Stage-based,19,0.1413,6762.2,150.0,390.0,478.0,-0.238,-0.2251,-0.3305,0.127
Stage-based,20,0.4765,8569.9,150.0,400.0,391.4,0.0869,0.2493,0.1367,0.4283
FAO-56,1,0.6255,8298.0,120.0,225.0,358.1,0.2066,0.1779,0.2175,0.7287
FAO-56,2,0.0678,5448.9,120.0,75.0,635.9,-0.2961,-0.5698,-0.3377,0.1352
FAO-56,3,-0.0196,5015.5,120.0,25.0,946.6,-0.3457,-0.6836,-0.2071,0.0449
FAO-56,4,0.6317,8258.2,120.0,175.0,613.3,0.2085,0.1675,0.2031,0.7205
FAO-56,5,0.417,7380.2,120.0,225.0,244.8,0.039,-0.0629,0.0795,0.5375
FAO-56,6,0.1413,5799.2,120.0,225.0,440.5,-0.2378,-0.4779,-0.0411,0.2082
FAO-56,7,0.3276,6832.2,120.0,225.0,382.3,-0.0773,-0.2068,-0.1656,0.4234
FAO-56,8,0.7428,8840.2,120.0,300.0,231.3,0.3042,0.3203,0.4361,0.8417
FAO-56,9,0.0605,5598.9,120.0,225.0,500.8,-0.3165,-0.5305,-0.4927,0.1664
FAO-56,10,0.3888,6893.0,120.0,150.0,654.1,-0.0051,-0.1908,0.3045,0.436
FAO-56,11,-0.0729,4592.8,120.0,175.0,359.1,-0.4838,-0.7945,-0.5799,-0.0432
FAO-56,12,-0.4139,2350.6,120.0,250.0,471.7,-0.7631,-1.0,-1.0,-0.5103
FAO-56,13,-0.2787,4133.2,120.0,100.0,1103.0,-0.5656,-0.9152,-0.7788,-0.1389
FAO-56,14,0.2563,6730.6,120.0,350.0,532.4,-0.1227,-0.2334,-0.1999,0.4022
FAO-56,15,0.6056,7948.4,120.0,100.0,746.6,0.1847,0.0862,0.3346,0.6559
FAO-56,16,0.2773,6656.9,120.0,100.0,477.2,-0.079,-0.2528,-0.1398,0.3869
FAO-56,17,0.5132,7853.2,120.0,175.0,569.5,0.1332,0.0612,0.1286,0.6361
FAO-56,18,0.4478,7076.9,120.0,75.0,820.9,0.0691,-0.1425,0.5885,0.4744
FAO-56,19,0.3919,7120.2,120.0,225.0,478.0,-0.0212,-0.1312,-0.0875,0.4834
FAO-56,20,0.2771,6555.3,120.0,200.0,391.4,-0.1185,-0.2795,-0.1638,0.3657
