scenario,scenario_label,level_idx,level_label,corner,R_yield,R_ane,R_water_eff,yield_kg_ha,total_N_kg_ha,total_W_mm
clean,No Fault (Clean),0,clean,yield,-0.764022171497345,-0.9974159002304077,0.9947437047958374,3551.2766723632812,14792.501658630372,2.1025062561035157
clean,No Fault (Clean),0,clean,n_eff,-0.7677105665206909,-0.8093851804733276,0.9998363256454468,4060.925308227539,314.8,0.06544609069824218
clean,No Fault (Clean),0,clean,water,-1.0,-1.0,0.9958974123001099,2601.6148071289062,16917.384098815917,1.6410316467285155
clean,No Fault (Clean),0,clean,balanced,-0.8687202334403992,-0.9980480074882507,0.9984585046768188,3689.284210205078,13777.777252197266,0.6166053771972656
dropout_soil,Soil Moisture Dropout,0,0%,yield,-0.7225897312164307,-0.9961329698562622,0.9946457743644714,4457.747741699219,15073.836003112792,2.1417022705078126
dropout_soil,Soil Moisture Dropout,0,0%,n_eff,-0.7828137874603271,-0.8243288993835449,0.999832272529602,3607.2767333984375,322.8,0.06707878112792968
dropout_soil,Soil Moisture Dropout,0,0%,water,-0.6684722304344177,-0.9973710179328918,0.9959222674369812,4495.707000732422,16813.061067199706,1.6311050415039063
dropout_soil,Soil Moisture Dropout,0,0%,balanced,-0.6279544830322266,-0.9947880506515503,0.9984174966812134,4115.251571655273,14151.110571289062,0.6330032348632812
dropout_soil,Soil Moisture Dropout,1,5%,yield,-0.5530340671539307,-0.9932863116264343,0.9946999549865723,5182.621246337891,14900.023820495606,2.120026397705078
dropout_soil,Soil Moisture Dropout,1,5%,n_eff,-0.8566383123397827,-0.9087114334106445,0.9998353719711304,3538.0626525878906,316.8,0.06585426330566406
dropout_soil,Soil Moisture Dropout,1,5%,water,-0.9881613850593567,-1.0,0.9959084391593933,2620.756362915039,16849.152389526367,1.6366195678710938
dropout_soil,Soil Moisture Dropout,1,5%,balanced,-0.73206627368927,-0.9956903457641602,0.9983832240104675,3672.3721923828125,14453.332781982423,0.646701431274414
dropout_soil,Soil Moisture Dropout,2,10%,yield,-0.7607051730155945,-0.997231125831604,0.9946602582931519,3446.7879028320312,15012.095104980468,2.135898208618164
dropout_soil,Soil Moisture Dropout,2,10%,n_eff,-0.6383751034736633,-0.782025933265686,0.9998332858085632,4423.843048095703,320.8,0.06667098999023438
dropout_soil,Soil Moisture Dropout,2,10%,water,-0.7064725756645203,-0.9962784051895142,0.995928168296814,4215.525924682617,16765.602616882323,1.6287139892578124
dropout_soil,Soil Moisture Dropout,2,10%,balanced,-0.6141451001167297,-0.993503212928772,0.9984105229377747,5088.993591308594,14204.443902587891,0.635791015625
dropout_soil,Soil Moisture Dropout,3,20%,yield,-0.5791065096855164,-0.9949957132339478,0.9946993589401245,5034.92724609375,14899.470027160645,2.120264434814453
dropout_soil,Soil Moisture Dropout,3,20%,n_eff,-0.7358354926109314,-0.8591984510421753,0.9998356103897095,3772.735382080078,316.4,0.06577262878417969
dropout_soil,Soil Moisture Dropout,3,20%,water,-0.4610174298286438,-0.9935154914855957,0.9959677457809448,5667.842529296875,16598.520964050294,1.612889862060547
dropout_soil,Soil Moisture Dropout,3,20%,balanced,-0.9547061920166016,-1.0,0.9984222650527954,3277.549041748047,14097.777239990235,0.6311126708984375
dropout_soil,Soil Moisture Dropout,4,50%,yield,-0.4037332534790039,-0.9924303293228149,0.9946403503417969,5259.625274658203,15068.073948669433,2.143868637084961
dropout_soil,Soil Moisture Dropout,4,50%,n_eff,-0.6577320694923401,-0.7382731437683105,0.9998325109481812,5114.0408935546875,322.4,0.06699905395507813
dropout_soil,Soil Moisture Dropout,4,50%,water,-0.5300886631011963,-0.9940436482429504,0.9958881139755249,5039.218154907227,16932.096492004395,1.6447345733642578
dropout_soil,Soil Moisture Dropout,4,50%,balanced,-0.8050976991653442,-0.9960581660270691,0.9984006881713867,3897.9512939453125,14293.332788085938,0.6397335052490234
packet_loss,Packet Loss (Type 1),0,0%,yield,-0.9791238903999329,-1.0,0.994756817817688,3157.4057006835938,14754.988766479491,2.097279739379883
packet_loss,Packet Loss (Type 1),0,0%,n_eff,-0.7726660370826721,-0.8884977102279663,0.9998339414596558,3747.149871826172,319.6,0.06642570495605468
packet_loss,Packet Loss (Type 1),0,0%,water,-0.6638308763504028,-0.9958097338676453,0.9958775639533997,4274.097320556641,17000.84666595459,1.648971176147461
packet_loss,Packet Loss (Type 1),0,0%,balanced,-0.7083183526992798,-0.9969523549079895,0.9983842968940735,4113.2430419921875,14453.332781982423,0.64627685546875
packet_loss,Packet Loss (Type 1),1,5%,yield,-0.5418518781661987,-0.9968357086181641,0.9947370290756226,5008.533248901367,14811.077088928223,2.105194854736328
packet_loss,Packet Loss (Type 1),1,5%,n_eff,-0.9693684577941895,-1.0,0.999835193157196,2912.9164276123047,316.4,0.06591758728027344
packet_loss,Packet Loss (Type 1),1,5%,water,-0.9764617681503296,-1.0,0.9959148168563843,2568.778854370117,16833.868309020996,1.6340682983398438
packet_loss,Packet Loss (Type 1),1,5%,balanced,-0.7471727728843689,-0.996828556060791,0.9984184503555298,2961.7049255371094,14097.777239990235,0.6326473236083985
packet_loss,Packet Loss (Type 1),2,10%,yield,-0.9976239204406738,-1.0,0.994681179523468,2787.3172454833984,14924.221057128907,2.127542495727539
packet_loss,Packet Loss (Type 1),2,10%,n_eff,-0.6118313670158386,-0.7065227627754211,0.999832808971405,4560.740966796875,321.6,0.06687355041503906
packet_loss,Packet Loss (Type 1),2,10%,water,-0.7078689932823181,-0.9959532022476196,0.9959715008735657,3763.1302642822266,16583.492221069337,1.6114166259765625
packet_loss,Packet Loss (Type 1),2,10%,balanced,-0.8932007551193237,-0.9981490969657898,0.9984188079833984,3452.686309814453,14097.777239990235,0.6324714660644531
packet_loss,Packet Loss (Type 1),3,20%,yield,-0.8811429738998413,-0.9980940818786621,0.994651198387146,3326.23876953125,15017.409780883789,2.1395286560058593
packet_loss,Packet Loss (Type 1),3,20%,n_eff,-0.34413716197013855,-0.640119194984436,0.9998334646224976,6163.56689453125,319.6,0.066619873046875
packet_loss,Packet Loss (Type 1),3,20%,water,-0.7874894142150879,-0.9977140426635742,0.995926022529602,2996.8723907470703,16729.610113525392,1.6296306610107423
packet_loss,Packet Loss (Type 1),3,20%,balanced,-0.5453327894210815,-0.9930241703987122,0.9983789324760437,4608.917663574219,14382.221673583985,0.6484180450439453
packet_loss,Packet Loss (Type 1),4,50%,yield,-0.936618447303772,-1.0,0.9944816827774048,3692.666717529297,15317.260000610351,2.2073192596435547
packet_loss,Packet Loss (Type 1),4,50%,n_eff,-0.8392124176025391,-0.9106063842773438,0.999829888343811,3497.8328552246094,321.2,0.06806068420410157
packet_loss,Packet Loss (Type 1),4,50%,water,-0.7487872838973999,-0.9975646734237671,0.9958715438842773,3445.481246948242,16729.229638671874,1.6513538360595703
packet_loss,Packet Loss (Type 1),4,50%,balanced,-0.7472596764564514,-0.9955804944038391,0.9983677864074707,3620.5667266845703,14097.777239990235,0.6528690338134766
stuck_soil,Stuck Sensor (sw_mean),0,No fault,yield,-0.41756749153137207,-0.9925710558891296,0.9947110414505005,5064.777099609375,14886.280946350098,2.1155715942382813
stuck_soil,Stuck Sensor (sw_mean),0,No fault,n_eff,-0.8230897188186646,-0.9196823239326477,0.9998347163200378,4218.46044921875,318.0,0.06609916687011719
stuck_soil,Stuck Sensor (sw_mean),0,No fault,water,-0.5835905075073242,-0.9940927624702454,0.9960363507270813,4819.908111572266,16333.157887268066,1.585445022583008
stuck_soil,Stuck Sensor (sw_mean),0,No fault,balanced,-0.8919099569320679,-0.9981837272644043,0.9983960390090942,2755.088836669922,14346.666119384765,0.6415935516357422
stuck_soil,Stuck Sensor (sw_mean),1,Day 120,yield,-0.3366851508617401,-0.990521252155304,0.9947437047958374,6337.2294921875,14792.504031372071,2.1025058746337892
stuck_soil,Stuck Sensor (sw_mean),1,Day 120,n_eff,-0.4623330533504486,-0.7280424237251282,0.9998351335525513,5163.340972900391,317.2,0.06593589782714844
stuck_soil,Stuck Sensor (sw_mean),1,Day 120,water,-0.7042452096939087,-0.9965943098068237,0.9960761070251465,4330.191680908203,16166.235205078125,1.569565200805664
stuck_soil,Stuck Sensor (sw_mean),1,Day 120,balanced,-0.5809999704360962,-0.9948394894599915,0.9984291791915894,4560.339996337891,14044.443908691406,0.6283210754394531
stuck_soil,Stuck Sensor (sw_mean),2,Day 90,yield,-0.5911436676979065,-0.9922198057174683,0.9947111010551453,5015.8680419921875,14886.279667663573,2.1155723571777343
stuck_soil,Stuck Sensor (sw_mean),2,Day 90,n_eff,-0.8777672052383423,-0.9064247012138367,0.9998331069946289,3263.744598388672,321.2,0.06675224304199219
stuck_soil,Stuck Sensor (sw_mean),2,Day 90,water,-0.6852615475654602,-0.9948711395263672,0.995882511138916,4604.080902099609,16979.98264465332,1.6469852447509765
stuck_soil,Stuck Sensor (sw_mean),2,Day 90,balanced,-0.7880193591117859,-0.9972580075263977,0.9984038472175598,3491.3719482421875,14275.555010986329,0.6384712219238281
stuck_soil,Stuck Sensor (sw_mean),3,Day 60,yield,-0.2123073786497116,-0.9916166067123413,0.9946587681770325,6381.321929931641,15036.331703186035,2.13647575378418
stuck_soil,Stuck Sensor (sw_mean),3,Day 60,n_eff,-0.7727469205856323,-0.8766792416572571,0.9998334646224976,4201.3753662109375,320.4,0.06658897399902344
stuck_soil,Stuck Sensor (sw_mean),3,Day 60,water,-0.5551572442054749,-0.9952775239944458,0.9960165023803711,4437.354080200195,16416.62365875244,1.5933837890625
stuck_soil,Stuck Sensor (sw_mean),3,Day 60,balanced,-0.8208217620849609,-0.9978386163711548,0.9984331130981445,3651.4049072265625,14008.888354492188,0.6267547607421875
stuck_soil,Stuck Sensor (sw_mean),4,Day 30,yield,-0.6877211928367615,-0.9956974983215332,0.994652271270752,4072.0658416748047,15055.087455749512,2.1390872955322267
stuck_soil,Stuck Sensor (sw_mean),4,Day 30,n_eff,-0.6602078676223755,-0.7832019925117493,0.9998339414596558,4050.14892578125,319.6,0.06642570495605468
stuck_soil,Stuck Sensor (sw_mean),4,Day 30,water,-0.4773906171321869,-0.9936008453369141,0.9959619641304016,5228.209655761719,16646.142172241212,1.6152217864990235
stuck_soil,Stuck Sensor (sw_mean),4,Day 30,balanced,-0.8262044787406921,-0.9975724220275879,0.998409628868103,3447.22314453125,14222.2216796875,0.6361248016357421
stuck_soil,Stuck Sensor (sw_mean),5,Day 10,yield,-0.766282320022583,-0.9976435899734497,0.9946980476379395,4059.7716064453125,14923.797897338867,2.1207958221435548
stuck_soil,Stuck Sensor (sw_mean),5,Day 10,n_eff,-0.7860685586929321,-0.8887451887130737,0.9998334646224976,3491.6509704589844,320.4,0.06658897399902344
stuck_soil,Stuck Sensor (sw_mean),5,Day 10,water,-0.8560040593147278,-0.9982110261917114,0.9959023594856262,3152.1072998046875,16896.524723815917,1.639043426513672
stuck_soil,Stuck Sensor (sw_mean),5,Day 10,balanced,-0.4676460325717926,-0.9921461343765259,0.9984409213066101,5258.7877197265625,13937.77724609375,0.6236316680908203
bias_soil,Soil Bias (offset),0,0,yield,-0.6871675252914429,-0.9959560632705688,0.9946848750114441,4295.216400146484,14961.302682495118,2.1260250091552733
bias_soil,Soil Bias (offset),0,0,n_eff,-0.9437901377677917,-1.0,0.9998547434806824,2569.8158111572266,278.8,0.058098983764648435
bias_soil,Soil Bias (offset),0,0,water,-0.8467466235160828,-0.9982226490974426,0.9960016012191772,3610.3523864746094,16479.213455200195,1.5993412017822266
bias_soil,Soil Bias (offset),0,0,balanced,-0.8212097883224487,-0.9977947473526001,0.9984272718429565,3621.518341064453,14062.221685791015,0.6291007995605469
bias_soil,Soil Bias (offset),1,-0.20,yield,-0.7832223773002625,-0.9973163604736328,0.9947031140327454,3212.571563720703,14904.948486328125,2.118755340576172
bias_soil,Soil Bias (offset),1,-0.20,n_eff,-0.920122504234314,-0.9165257215499878,0.9998354911804199,2761.2062072753906,316.4,0.06578598022460938
bias_soil,Soil Bias (offset),1,-0.20,water,-0.7248008251190186,-0.9963411092758179,0.9959260821342468,4272.124664306641,16792.103045654298,1.6295822143554688
bias_soil,Soil Bias (offset),1,-0.20,balanced,-0.7569786906242371,-0.9957441091537476,0.9984130859375,3131.903030395508,14186.666125488282,0.634762954711914
bias_soil,Soil Bias (offset),2,-0.10,yield,-0.9284443855285645,-1.0,0.9947234392166138,2921.3729858398438,14848.724923706055,2.1106246948242187
bias_soil,Soil Bias (offset),2,-0.10,n_eff,-0.8360751867294312,-0.9053818583488464,0.999833881855011,3987.4390563964844,319.6,0.06643142700195312
bias_soil,Soil Bias (offset),2,-0.10,water,-0.7399083375930786,-0.9976881742477417,0.9960060119628906,3372.1522521972656,16458.304739379884,1.5975872039794923
bias_soil,Soil Bias (offset),2,-0.10,balanced,-0.5861002802848816,-0.9947054982185364,0.9984016418457031,4746.553573608398,14293.332788085938,0.6393501281738281
bias_soil,Soil Bias (offset),3,+0.10,yield,-0.7393567562103271,-0.9961885213851929,0.9947052001953125,4770.468811035156,14905.078895568848,2.1179119110107423
bias_soil,Soil Bias (offset),3,+0.10,n_eff,-0.9168587923049927,-0.9162446856498718,0.9998339414596558,3109.824462890625,319.6,0.06641426086425781
bias_soil,Soil Bias (offset),3,+0.10,water,-0.6396750211715698,-0.9956086874008179,0.9959673881530762,4217.3392333984375,16625.31287689209,1.6130237579345703
bias_soil,Soil Bias (offset),3,+0.10,balanced,-1.0,-1.0,0.998431384563446,2604.00341796875,14026.666131591797,0.6274463653564453
bias_soil,Soil Bias (offset),4,+0.20,yield,-0.671338677406311,-0.9967340230941772,0.9947124719619751,4351.636169433594,14886.362037658691,2.1150371551513674
bias_soil,Soil Bias (offset),4,+0.20,n_eff,-0.8141255378723145,-0.8987607955932617,0.9998323321342468,4253.043701171875,322.8,0.06705970764160156
bias_soil,Soil Bias (offset),4,+0.20,water,-0.9578258395195007,-1.0,0.9959679841995239,2255.4490356445312,16625.356851196288,1.6128101348876953
bias_soil,Soil Bias (offset),4,+0.20,balanced,-0.8575369715690613,-0.9976919889450073,0.9984101057052612,2864.5105590820312,14222.2216796875,0.635943603515625
bias_soil,Soil Bias (offset),5,+0.30,yield,-0.9608047604560852,-1.0,0.9946607351303101,2748.707473754883,15036.448335266114,2.135681915283203
bias_soil,Soil Bias (offset),5,+0.30,n_eff,-0.6852127313613892,-0.8035637140274048,0.9998370409011841,4923.6353759765625,313.6,0.0651763916015625
bias_soil,Soil Bias (offset),5,+0.30,water,-0.8200531005859375,-0.9979192614555359,0.9959834218025208,3165.490936279297,16562.804641723633,1.6066448211669921
bias_soil,Soil Bias (offset),5,+0.30,balanced,-0.958670973777771,-1.0,0.9984357953071594,2096.4072265625,13991.110577392577,0.6257057189941406
actuator_N,N Spreader Efficiency,0,100%,yield,-1.0,-1.0,0.9947437047958374,2689.3707580566406,14792.499703979493,2.102506637573242
actuator_N,N Spreader Efficiency,0,100%,n_eff,-0.8429999351501465,-0.9063975214958191,0.9998332858085632,3764.7144470214844,320.8,0.06667060852050781
actuator_N,N Spreader Efficiency,0,100%,water,-0.8877753019332886,-0.9984210133552551,0.995966911315918,3527.9544525146484,16625.270237731933,1.6132400512695313
actuator_N,N Spreader Efficiency,0,100%,balanced,-0.810082733631134,-0.9975539445877075,0.9984389543533325,3379.615676879883,13955.55502319336,0.6244155883789062
actuator_N,N Spreader Efficiency,1,80%,yield,-0.9872876405715942,-1.0,0.9947307705879211,2972.6961975097656,11864.067514648437,2.107692337036133
actuator_N,N Spreader Efficiency,1,80%,n_eff,-0.9839779138565063,-1.0,0.9998339414596558,2163.479751586914,255.67999999999938,0.06642570495605468
actuator_N,N Spreader Efficiency,1,80%,water,-0.5868590474128723,-0.9943205118179321,0.9964433908462524,3664.094284057617,11697.79548461914,1.422633743286133
actuator_N,N Spreader Efficiency,1,80%,balanced,-0.6727279424667358,-0.9944320917129517,0.9983706474304199,4777.5706787109375,11662.221777343784,0.6517108917236328
actuator_N,N Spreader Efficiency,2,60%,yield,-0.8708670735359192,-0.9966594576835632,0.9947504997253418,2933.0565338134766,8864.36687164307,2.0997806549072267
actuator_N,N Spreader Efficiency,2,60%,n_eff,-0.4936268925666809,-0.6341061592102051,0.9998294711112976,5739.281433105469,197.03999999999957,0.06822166442871094
actuator_N,N Spreader Efficiency,2,60%,water,-0.36782804131507874,-0.9885867238044739,0.9959374666213989,5834.651947021484,10050.389707031249,1.6250160217285157
actuator_N,N Spreader Efficiency,2,60%,balanced,-0.7078325152397156,-0.9926813840866089,0.9983962178230286,4531.396881103516,8607.999671630847,0.6415016174316406
actuator_N,N Spreader Efficiency,3,40%,yield,-0.866622805595398,-0.9955215454101562,0.994633674621582,3606.8118896484375,6044.81772277832,2.146528625488281
actuator_N,N Spreader Efficiency,3,40%,n_eff,-0.502758800983429,-0.224867582321167,0.9998306035995483,5262.28857421875,130.3999999999997,0.06773185729980469
actuator_N,N Spreader Efficiency,3,40%,water,-0.9104671478271484,-0.9958375096321106,0.9959079623222351,3394.2271118164062,6750.490457763672,1.6368003845214845
actuator_N,N Spreader Efficiency,3,40%,balanced,-0.8560308218002319,-0.9947949647903442,0.9984061121940613,3356.228713989258,5703.1108935547045,0.6375587463378907
actuator_N,N Spreader Efficiency,4,20%,yield,-0.7484463453292847,-0.9857342839241028,0.9947056770324707,3833.3904876708984,2981.1878918457014,2.11773796081543
actuator_N,N Spreader Efficiency,4,20%,n_eff,-1.0,-1.0,0.999834418296814,2648.9546813964844,63.75999999999984,0.06626243591308593
actuator_N,N Spreader Efficiency,4,20%,water,-0.8953074216842651,-0.9916595220565796,0.9958933591842651,2556.0780029296875,3387.843579406738,1.6426624298095702
actuator_N,N Spreader Efficiency,4,20%,balanced,-0.8043796420097351,-0.9893191456794739,0.9984256029129028,3647.873336791992,2815.999892578133,0.6297538757324219
actuator_N,N Spreader Efficiency,5,0%,yield,-1.0,-1.0,0.9946926236152649,675.9876480102539,0.0,2.1229625701904298
actuator_N,N Spreader Efficiency,5,0%,n_eff,-1.0,-1.0,0.9998347163200378,846.7677536010742,0.0,0.06609916687011719
actuator_N,N Spreader Efficiency,5,0%,water,-1.0,-1.0,0.9959181547164917,1584.6002655029297,0.0,1.6327404022216796
actuator_N,N Spreader Efficiency,5,0%,balanced,-1.0,-1.0,0.9984081387519836,1132.226303100586,0.0,0.6367782592773438
actuator_W,Irrigation Pump Efficiency,0,100%,yield,-0.9100049734115601,-0.9981444478034973,0.9945999979972839,3106.3743896484375,15205.123287963866,2.159993362426758
actuator_W,Irrigation Pump Efficiency,0,100%,n_eff,-0.9726527333259583,-1.0,0.9998334646224976,2345.2442932128906,320.4,0.06658897399902344
actuator_W,Irrigation Pump Efficiency,0,100%,water,-0.8268111944198608,-0.9984318017959595,0.9959867596626282,3989.043426513672,16541.809149169923,1.6052989959716797
actuator_W,Irrigation Pump Efficiency,0,100%,balanced,-0.8986427187919617,-0.9979942440986633,0.9984018206596375,3075.093505859375,14293.332788085938,0.6392536163330078
actuator_W,Irrigation Pump Efficiency,1,80%,yield,-0.7339590787887573,-0.9957399368286133,0.9956957101821899,3696.3934936523438,15148.857133483887,1.7217224121093757
actuator_W,Irrigation Pump Efficiency,1,80%,n_eff,-0.8038371205329895,-0.82392817735672,0.9998661279678345,4019.1461639404297,322.0,0.05353240966796889
actuator_W,Irrigation Pump Efficiency,1,80%,water,-0.8366451263427734,-0.9983886480331421,0.9967616200447083,3720.0282287597656,16687.868133544922,1.295356445312499
actuator_W,Irrigation Pump Efficiency,1,80%,balanced,-0.6116153597831726,-0.9948400259017944,0.9987214803695679,5152.6036376953125,14293.332788085938,0.5114004516601568
actuator_W,Irrigation Pump Efficiency,2,60%,yield,-0.6436969637870789,-0.9956485033035278,0.9968109130859375,4653.190490722656,14961.303314208984,1.2756140899658202
actuator_W,Irrigation Pump Efficiency,2,60%,n_eff,-0.6488878130912781,-0.7763189077377319,0.9999014735221863,4099.430419921875,316.0,0.03941459655761721
actuator_W,Irrigation Pump Efficiency,2,60%,water,-0.7333564162254333,-0.9964005351066589,0.9978481531143188,3865.6035766601562,14747.370726013183,0.8607570648193361
actuator_W,Irrigation Pump Efficiency,2,60%,balanced,-0.8920621871948242,-0.9979720115661621,0.9990516901016235,3303.2527770996094,14133.332794189453,0.3793352508544937
actuator_W,Irrigation Pump Efficiency,3,40%,yield,-1.0,-1.0,0.9978712797164917,1949.7510833740234,14980.055601501464,0.8514549255371098
actuator_W,Irrigation Pump Efficiency,3,40%,n_eff,-0.9629009366035461,-1.0,0.99993497133255,2855.449005126953,312.8,0.026015167236328195
actuator_W,Irrigation Pump Efficiency,3,40%,water,-0.9898688197135925,-1.0,0.9983847737312317,2770.1148986816406,16646.134547424317,0.6460900878906246
actuator_W,Irrigation Pump Efficiency,3,40%,balanced,-0.7833176255226135,-0.995945930480957,0.9993599653244019,3145.539352416992,14311.110565185547,0.2560125732421878
actuator_W,Irrigation Pump Efficiency,4,20%,yield,-0.804155170917511,-0.9962461590766907,0.9989291429519653,4107.396667480469,15073.834831237793,0.4283402252197267
actuator_W,Irrigation Pump Efficiency,4,20%,n_eff,-0.5893822908401489,-0.7706018686294556,0.9999669194221497,4784.8345947265625,318.4,0.01323616027832035
actuator_W,Irrigation Pump Efficiency,4,20%,water,-0.7406595945358276,-0.9977964162826538,0.9991725087165833,3246.9811248779297,17063.44169769287,0.3309856414794919
actuator_W,Irrigation Pump Efficiency,4,20%,balanced,-0.5834649205207825,-0.9945148229598999,0.9996843338012695,4882.691986083984,14115.555017089844,0.1262887573242189
actuator_W,Irrigation Pump Efficiency,5,0%,yield,-0.8625785112380981,-0.9978678822517395,1.0,2952.447235107422,15130.100274658203,0.0
actuator_W,Irrigation Pump Efficiency,5,0%,n_eff,-0.29237455129623413,-0.6124188303947449,1.0,5915.177307128906,323.6,0.0
actuator_W,Irrigation Pump Efficiency,5,0%,water,-0.9704126119613647,-1.0,1.0,3025.718719482422,16583.54071044922,0.0
actuator_W,Irrigation Pump Efficiency,5,0%,balanced,-0.7147113084793091,-0.9956091046333313,1.0,4896.950012207031,14097.777239990235,0.0
