scenario,level_idx,level_label,corner,episode,R_yield,R_ane,R_water_eff,yield_kg_ha,total_N_kg_ha,total_W_mm,cum_reward
sensor_rate,0,0 %,yield,1,0.7934650182723999,-0.36358144879341125,0.3965577781200409,10643.101806640625,418.08577881568317,241.3768835067749,1.3006997101006408
sensor_rate,0,0 %,yield,2,0.6264800429344177,-0.47825539112091064,0.411791056394577,10006.889038085938,479.4917335510254,235.28358268737793,1.26822452951237
sensor_rate,0,0 %,yield,3,0.6794646382331848,-0.3966502845287323,0.18475431203842163,10208.760375976562,423.0034523010254,326.0982723236084,1.3854430935702378
sensor_rate,0,0 %,n_eff,1,-0.1484914869070053,0.3016471266746521,0.4546850323677063,7054.2474365234375,135.4869384765625,218.1259822845459,0.6870720427555752
sensor_rate,0,0 %,n_eff,2,0.19604027271270752,0.7797896265983582,0.31994134187698364,8366.913452148438,117.52671813964844,272.0234615058672,1.1885808966380191
sensor_rate,0,0 %,n_eff,3,-0.45492464303970337,0.44500547647476196,0.2808949947357178,5886.737060546875,101.84627532958984,287.64200592041016,0.9073365640000637
sensor_rate,0,0 %,water,1,0.7194276452064514,-0.025131940841674805,0.6558663845062256,10361.019287109375,265.70311737060547,137.65344429016113,1.0867366776409495
sensor_rate,0,0 %,water,2,1.0,0.09535131603479385,0.6127220988273621,11803.831787109375,269.4074401855469,154.91117095947266,1.1975884901967395
sensor_rate,0,0 %,water,3,-0.04396821931004524,-0.36086663603782654,0.48785361647605896,7452.4810791015625,291.5072784423828,204.858549118042,1.176320719100742
sensor_rate,0,0 %,balanced,1,0.6614165306091309,-0.004281798377633095,0.553631067276001,10139.996948242188,254.59002685546875,178.54757118225098,0.8012508317972705
sensor_rate,0,0 %,balanced,2,1.0,0.17782194912433624,0.5413209795951843,12261.920166015625,260.266845703125,183.47161483764648,1.1352227736269689
sensor_rate,0,0 %,balanced,3,0.5962762832641602,-0.01890990510582924,0.3650039732456207,9891.812744140625,252.06178283691406,253.99841499328613,0.8575385933739382
sensor_rate,1,2 %,yield,1,0.8254186511039734,-0.6762502193450928,0.362960547208786,10764.844970703125,831.2627105712891,254.8157787322998,1.3512595650439758
sensor_rate,1,2 %,yield,2,1.0,-0.6921262741088867,0.3935067355632782,11454.344482421875,930.1171531677246,242.5973062841822,1.6710914153706171
sensor_rate,1,2 %,yield,3,-0.08441674709320068,-0.7709380984306335,0.3802284896373749,7298.3721923828125,796.5502662658691,247.90860486010504,0.6022906102861476
sensor_rate,1,2 %,n_eff,1,0.562145471572876,0.09976424276828766,0.6577893495559692,9761.774291992188,221.90606689453125,136.88426685333252,0.5123877063272694
sensor_rate,1,2 %,n_eff,2,-0.040369708091020584,0.4095812141895294,0.6777347326278687,7466.19140625,132.41860961914062,128.90610122680664,0.8692142559642753
sensor_rate,1,2 %,n_eff,3,-1.0,-1.0,0.6646451950073242,3735.7940673828125,110.01708984375,134.1419162750244,-0.5533440051318017
sensor_rate,1,2 %,water,1,0.6970573663711548,-0.3018213212490082,0.7248637676239014,10275.78857421875,367.94981384277344,110.05449867248535,1.233345409076836
sensor_rate,1,2 %,water,2,0.2879486382007599,0.1746632158756256,0.7064317464828491,8717.084350585938,185.52305603027344,117.42730331420898,1.2260187943852854
sensor_rate,1,2 %,water,3,-0.23520737886428833,-0.5806301832199097,0.5714306235313416,6723.85986328125,400.83118438720703,171.42775535583496,1.247632812299615
sensor_rate,1,2 %,balanced,1,0.7713180780410767,-0.4724141061306,0.594648003578186,10558.721923828125,500.33189392089844,162.14080810546875,0.8244425376062415
sensor_rate,1,2 %,balanced,2,1.0,-0.2747601270675659,0.5545805096626282,11685.352783203125,402.80992126464844,178.16778945922852,1.0508438961008957
sensor_rate,1,2 %,balanced,3,-0.020069994032382965,-0.4999568462371826,0.5170584917068481,7543.5333251953125,377.1441192626953,193.17659950256348,0.6690960892235189
sensor_rate,2,5 %,yield,1,0.7441130876541138,-0.716991662979126,0.43344584107398987,10455.07080078125,923.5655622537008,226.6216640472412,1.304622086668967
sensor_rate,2,5 %,yield,2,1.0,-0.6530288457870483,0.40927422046661377,11568.43017578125,833.5296440124512,236.29030799865723,1.6207935664730626
sensor_rate,2,5 %,yield,3,-0.3795710802078247,-0.8355444073677063,0.38852453231811523,6173.834228515625,938.5259105688765,244.59019088745117,0.2799196874362564
sensor_rate,2,5 %,n_eff,1,0.28423061966896057,0.20604786276817322,0.6303591728210449,8702.918701171875,180.40160369873047,147.8563404083252,0.5816616608926228
sensor_rate,2,5 %,n_eff,2,1.0,0.3745936155319214,0.6346064805984497,11538.446044921875,209.8519515991211,146.15740966796875,0.9110436438429307
sensor_rate,2,5 %,n_eff,3,-0.04815385490655899,-0.13635790348052979,0.6111924052238464,7436.5338134765625,215.26665496826172,155.52304553985596,0.4266601017339494
sensor_rate,2,5 %,water,1,0.7444382905960083,-0.2555919587612152,0.7094954252243042,10456.309814453125,351.1619110107422,116.20182037353516,1.2116875726402028
sensor_rate,2,5 %,water,2,1.0,-0.4175318777561188,0.6484740972518921,11531.71630859375,494.95052337646484,140.6103515625,1.32398557317889
sensor_rate,2,5 %,water,3,-0.3667986989021301,-0.766091525554657,0.64531010389328,6222.4969482421875,665.0568389892578,141.87595558166504,1.3136390860073655
sensor_rate,2,5 %,balanced,1,0.738426685333252,-0.3731808364391327,0.6262201070785522,10433.40576171875,416.1250305175781,149.51195526123047,0.8481768650732265
sensor_rate,2,5 %,balanced,2,1.0,-0.5138446688652039,0.60454261302948,11608.30322265625,596.9441146850586,158.1829605102539,1.0245424758717498
sensor_rate,2,5 %,balanced,3,-0.02337278053164482,-0.598793089389801,0.5536462068557739,7530.94970703125,469.26841735839844,178.5415267944336,0.647712124023064
sensor_rate,3,10 %,yield,1,0.7673615217208862,-0.7580446004867554,0.40171679854393005,10543.6474609375,1089.4204444885254,239.3132839202881,1.3604432579519399
sensor_rate,3,10 %,yield,2,1.0,-0.7373375296592712,0.40136975049972534,11433.1982421875,1088.2024116516113,239.45209503173828,1.6349375654325375
sensor_rate,3,10 %,yield,3,-0.06273756921291351,-0.20461586117744446,0.5294922590255737,7380.9698486328125,231.9938735961914,188.20309448242188,0.6016108092974938
sensor_rate,3,10 %,n_eff,1,0.41873401403427124,-0.20284293591976166,0.7634463310241699,9215.376586914062,289.00755310058594,94.62146377563477,0.30999891313455863
sensor_rate,3,10 %,n_eff,2,0.7514991164207458,0.21189475059509277,0.6457858085632324,10483.211669921875,216.25664520263672,141.68567562103271,0.767013534043531
sensor_rate,3,10 %,n_eff,3,-0.10425381362438202,-0.2809498608112335,0.5921326279640198,7222.79296875,251.12271881103516,163.1469554901123,0.28954104611445874
sensor_rate,3,10 %,water,1,0.5916268825531006,-0.5021794438362122,0.7231815457344055,9874.098510742188,495.8663558959961,110.72738075256348,1.2628194142899862
sensor_rate,3,10 %,water,2,1.0,-0.34957024455070496,0.6541520953178406,11511.827392578125,442.4700469970703,138.33916854858398,1.340769035842313
sensor_rate,3,10 %,water,3,-0.08528037369251251,-0.7038483023643494,0.5942568778991699,7295.081787109375,615.8230819702148,162.29723805457115,1.269548858270388
sensor_rate,3,10 %,balanced,1,0.7319848537445068,-0.44441932439804077,0.6302218437194824,10408.8623046875,468.3776321411133,147.91126251220703,0.8230772506897028
sensor_rate,3,10 %,balanced,2,1.0,-0.41268637776374817,0.581179141998291,11600.262451171875,493.7848311181957,167.5283489227295,1.0440352697100244
sensor_rate,3,10 %,balanced,3,-0.02382117323577404,-0.671153724193573,0.5286568999290466,7529.2413330078125,572.3982391357422,188.53722953796387,0.6261505658270845
sensor_rate,4,20 %,yield,1,0.7590389847755432,-0.6679782867431641,0.4392624497413635,10511.9384765625,791.5098609924316,224.295015335083,1.2915162142401213
sensor_rate,4,20 %,yield,2,1.0,-0.7390959858894348,0.4044157862663269,11438.536376953125,1096.0482368469238,238.23368879432203,1.635719833880069
sensor_rate,4,20 %,yield,3,-0.2769709825515747,-0.7988613843917847,0.3604956865310669,6564.7406005859375,815.9472709363273,255.80172157287598,0.41990964295439315
sensor_rate,4,20 %,n_eff,1,0.6412807106971741,0.008543086238205433,0.7158824801445007,10063.279418945312,249.4509048461914,113.64701652526855,0.48055834361127076
sensor_rate,4,20 %,n_eff,2,0.9861275553703308,-0.0882294550538063,0.6053657531738281,11377.14599609375,311.9520060104956,157.85369968414307,0.5032197931901163
sensor_rate,4,20 %,n_eff,3,-0.36481723189353943,-0.18349750339984894,0.6098400354385376,6230.04638671875,190.7540512084961,156.06399536132812,0.25281485178581703
sensor_rate,4,20 %,water,1,0.737085223197937,-0.3688633441925049,0.7255600690841675,10428.294677734375,413.07594299316406,109.77596092224121,1.2284055682876716
sensor_rate,4,20 %,water,2,1.0,-0.44948461651802063,0.6428914666175842,11483.1103515625,521.4709091186523,142.84340286254883,1.323638378389874
sensor_rate,4,20 %,water,3,-0.2903105914592743,-0.6030589938163757,0.6085553169250488,6513.9166259765625,410.2572555541992,156.57788467407227,1.2874258383017438
sensor_rate,4,20 %,balanced,1,0.5758904218673706,-0.4128483235836029,0.6699731349945068,9814.142456054688,417.8708267211914,132.01074627363488,0.7950686137717684
sensor_rate,4,20 %,balanced,2,1.0,-0.5578571557998657,0.5752836465835571,11625.615234375,657.3449554443359,169.88654327392578,1.0016131729217603
sensor_rate,4,20 %,balanced,3,-0.001618472975678742,-0.5905292630195618,0.5369251370429993,7613.8336181640625,464.8582305908203,185.22994422912598,0.657228779323661
sensor_rate,5,50 %,yield,1,0.7651441097259521,-0.7556805610656738,0.4488085210323334,10535.198974609375,1078.0147771244851,220.47658729553223,1.3178433608012776
sensor_rate,5,50 %,yield,2,0.9994565844535828,-0.7323717474937439,0.4034084975719452,11427.9296875,1067.5190238952637,238.63660621643066,1.6401641814303378
sensor_rate,5,50 %,yield,3,-0.29009848833084106,-0.8087674379348755,0.36274024844169617,6514.7247314453125,851.6756782531738,254.90389493380826,0.4243005839684775
sensor_rate,5,50 %,n_eff,1,0.7356739044189453,-0.23990437388420105,0.7142512798309326,10422.91748046875,342.8159942626953,114.29947757720947,0.2759283305752701
sensor_rate,5,50 %,n_eff,2,0.7748674154281616,0.2730177044868469,0.6468657851219177,10572.244873046875,207.62171936035156,141.25367546081543,0.7925643360908619
sensor_rate,5,50 %,n_eff,3,-0.1752176731824875,-0.31910809874534607,0.5829004049301147,6952.420654296875,255.26888275146484,166.8398380279541,0.2789840288330123
sensor_rate,5,50 %,water,1,0.7210295796394348,-0.4845697581768036,0.7248595356941223,10367.122802734375,502.83829498291016,110.05617487101983,1.239511958357308
sensor_rate,5,50 %,water,2,0.3074903190135956,-0.5880112051963806,0.7163645625114441,8791.5380859375,533.4816436767578,113.45417785644531,1.381416895965284
sensor_rate,5,50 %,water,3,-0.46935954689979553,-0.22412341833114624,0.6896666288375854,5831.7401123046875,187.90811157226562,124.13335800170898,1.1597848632311387
sensor_rate,5,50 %,balanced,1,0.7352311015129089,-0.48001527786254883,0.6320340037345886,10421.23046875,501.0354231314095,147.18640518188477,0.8177240807884117
sensor_rate,5,50 %,balanced,2,1.0,-0.5411302447319031,0.6018784642219543,11560.0927734375,629.8134231567383,159.24860763549805,1.0154790555726327
sensor_rate,5,50 %,balanced,3,0.006387865636497736,-0.6064338088035583,0.5320327281951904,7644.3377685546875,485.58143615722656,187.18691062927246,0.6534380791912129
obs_noise,0,0,yield,1,0.793415367603302,-0.3635943830013275,0.39673522114753723,10642.91259765625,418.0868492126465,241.30591201782227,1.3005950586938624
obs_noise,0,0,yield,2,1.0,-0.2900470197200775,0.36595720052719116,12378.123779296875,435.8782896636824,253.6171169281006,1.5902973881572304
obs_noise,0,0,yield,3,0.013298936188220978,-0.7209904193878174,0.28817078471183777,7670.6689453125,687.3122596740723,284.7316837310791,0.6953062742360582
obs_noise,0,0,n_eff,1,-0.1484914869070053,0.3016471266746521,0.4546850323677063,7054.2474365234375,135.4869384765625,218.1259822845459,0.6870720427555752
obs_noise,0,0,n_eff,2,0.19604027271270752,0.7797896265983582,0.11593455821275711,8366.913452148438,117.52671813964844,353.6261771325633,1.1868737721389684
obs_noise,0,0,n_eff,3,-0.35676780343055725,0.49810993671417236,0.284438818693161,6260.7147216796875,104.47689056396484,286.2244677312284,0.9653194718993632
obs_noise,0,0,water,1,0.5890267491340637,-0.07574618607759476,0.6830015778541565,9864.19189453125,266.8150177001953,126.79937362670898,1.1061537841468532
obs_noise,0,0,water,2,1.0,0.09535131603479385,0.6127220988273621,11803.831787109375,269.4074401855469,154.91117095947266,1.1975884901967395
obs_noise,0,0,water,3,0.13130104541778564,-0.02991756796836853,0.477867990732193,8120.2569580078125,209.26718934155733,208.85280227661133,0.9480284761861464
obs_noise,0,0,balanced,1,0.5777869820594788,-0.03969494625926018,0.5906801819801331,9821.368408203125,255.68355560302734,163.7279281616211,0.7706199088840143
obs_noise,0,0,balanced,2,1.0,0.17782194912433624,0.5413209795951843,12261.920166015625,260.266845703125,183.47161483764648,1.1352227736269689
obs_noise,0,0,balanced,3,0.5962762832641602,-0.01890990510582924,0.3650039732456207,9891.812744140625,252.06178283691406,253.99841499328613,0.8575385933739382
obs_noise,1,0.05,yield,1,0.8254381418228149,-0.4953881502151489,-0.11410097032785416,10764.91943359375,533.3267207586955,445.64038902185644,1.2883030398371655
obs_noise,1,0.05,yield,2,1.0,-0.4706198275089264,-0.3871823847293854,11819.2041015625,558.1623869994089,554.8729580989097,1.4643749937084178
obs_noise,1,0.05,yield,3,0.5089076161384583,-0.6151338815689087,-0.38856810331344604,9558.93798828125,620.9261932373047,555.4272384643555,1.057117133400928
obs_noise,1,0.05,n_eff,1,-0.8411895632743835,-1.0,-0.16708366572856903,4415.0677490234375,169.67036056518555,466.8334687450548,-0.7022526101694228
obs_noise,1,0.05,n_eff,2,1.0,0.400452584028244,0.2105969935655594,11888.05908203125,212.21816635131836,315.7612054176085,0.827989142433214
obs_noise,1,0.05,n_eff,3,-0.7210587859153748,-1.0,-0.06363373249769211,4872.76611328125,92.04084777832031,425.45349311828613,-0.6519449054793549
obs_noise,1,0.05,water,1,0.6939345002174377,-0.3302322328090668,0.4592931568622589,10263.890380859375,383.11377716064453,216.28274129506917,0.9204975499391661
obs_noise,1,0.05,water,2,1.0,-0.140615314245224,0.2577430009841919,12012.6611328125,349.4552943291055,296.90279483795166,0.7806038356353134
obs_noise,1,0.05,water,3,-0.13551534712314606,-0.678281843662262,0.46587568521499634,7103.6865234375,552.0116539001465,213.64972606885237,1.1737291612422163
obs_noise,1,0.05,balanced,1,0.7199665307998657,-0.3756163716316223,0.25391146540641785,10363.072509765625,414.93210220336914,298.43541006856873,0.6941832256521825
obs_noise,1,0.05,balanced,2,1.0,-0.3973305821418762,0.28204452991485596,11472.408447265625,475.8997173013241,287.1821917360321,0.8798354533909294
obs_noise,1,0.05,balanced,3,-0.44589707255363464,-0.7037416100502014,0.4659717082977295,5921.1322021484375,499.65949630737305,213.6113109588623,0.46383088835053143
obs_noise,2,0.10,yield,1,0.6523541808128357,-0.6744681596755981,-0.5694471597671509,10105.469360351562,776.073800236838,627.7788611199367,1.0584345605098242
obs_noise,2,0.10,yield,2,0.5166730284690857,0.2084856629371643,-0.8280335664749146,9588.524169921875,198.3582534790039,731.2134199142456,0.8104454698665897
obs_noise,2,0.10,yield,3,0.676596999168396,-0.6840395331382751,-0.6329578757286072,10197.83447265625,806.8916252342169,653.1831525534379,1.2118589344703043
obs_noise,2,0.10,n_eff,1,-0.49351969361305237,-0.32759594917297363,-0.706945538520813,5739.68994140625,213.40182495117188,682.7782036176098,-0.05127935556072266
obs_noise,2,0.10,n_eff,2,-0.054238948971033096,0.28255829215049744,-0.5206530094146729,7413.349609375,144.50317164997762,608.261209175029,0.6033452126007167
obs_noise,2,0.10,n_eff,3,0.40182504057884216,-0.2916432321071625,-0.5727447271347046,9150.953369140625,322.9641372219994,629.0978969908149,0.012423185107249213
obs_noise,2,0.10,water,1,0.6073195338249207,-0.5347450971603394,0.24624785780906677,9933.887329101562,533.7873191833496,301.5008575464997,0.7234507684969927
obs_noise,2,0.10,water,2,-0.09853269159793854,-0.6974384784698486,0.5277721285820007,7244.5904541015625,598.6047554016113,188.89115524291992,1.1975795248015675
obs_noise,2,0.10,water,3,-0.7726328372955322,-1.0,0.5565811991691589,4676.2689208984375,631.104248046875,177.36751174926758,1.239940939481496
obs_noise,2,0.10,balanced,1,0.6222501993179321,-0.5110594630241394,-0.557841956615448,9990.773315429688,510.8378287139561,623.1367927838027,0.1330392654991096
obs_noise,2,0.10,balanced,2,-0.13815364241600037,0.09387615323066711,-0.5753604769706726,7093.6346435546875,162.12152099609375,630.144193649292,0.07976730980017704
obs_noise,2,0.10,balanced,3,0.6470873355865479,-0.3185904026031494,-0.5501235127449036,10085.40283203125,370.01983598376796,620.0493937520735,0.2963129963863339
obs_noise,3,0.20,yield,1,0.6924222111701965,-0.8182752132415771,-1.0,10258.128662109375,1411.2175178527832,1120.6844482421875,1.0951168667872468
obs_noise,3,0.20,yield,2,1.0,-0.742967963218689,-1.0,12194.100341796875,1186.0487036258255,996.454355735441,1.4299440981452571
obs_noise,3,0.20,yield,3,0.6806201934814453,-0.7508842349052429,-0.6395469307899475,10213.162841796875,1024.9413522195055,655.8187784664651,1.1824182811303
obs_noise,3,0.20,n_eff,1,-0.4274163842201233,-0.4360201954841614,-1.0,5991.5435791015625,265.5921221760063,874.3994666884065,-0.14788893358956706
obs_noise,3,0.20,n_eff,2,0.7925679087638855,-0.07066123932600021,-0.9328543543815613,10639.683837890625,286.21651012076927,773.1417465521826,0.25400389617053837
obs_noise,3,0.20,n_eff,3,-0.853983461856842,-1.0,0.6152779459953308,4366.322937011719,1118.1575775146484,153.88881492614746,-0.3048405646132708
obs_noise,3,0.20,water,1,-0.294019490480423,0.21457242965698242,-0.41828590631484985,6499.7857666015625,133.78752899169922,567.3143672943115,-0.12739012918659276
obs_noise,3,0.20,water,2,0.8775516152381897,-0.7205309271812439,-0.4290154278278351,10963.4716796875,980.7409694398889,571.6061709300757,0.11329080145998704
obs_noise,3,0.20,water,3,0.6521012187004089,-0.7889470458030701,-0.5297732353210449,10104.505615234375,1196.9160592663197,611.9092861339352,0.026001572294074737
obs_noise,3,0.20,balanced,1,0.8284037709236145,-0.8071835041046143,-1.0,10776.21826171875,1397.211555197895,881.9587313574083,0.08735611103102303
obs_noise,3,0.20,balanced,2,1.0,-0.6962152123451233,-0.49182453751564026,12374.4970703125,1018.3605643484152,596.7298125582174,0.3697483341788419
obs_noise,3,0.20,balanced,3,0.6806201934814453,-0.7190081477165222,-0.7197498083114624,10213.162841796875,908.6707186507571,687.8999169729921,0.21593616076805616
obs_noise,4,0.30,yield,1,0.6985196471214294,-0.6989760994911194,-1.0,10281.35986328125,853.8656881749718,1200.7808439432174,0.9930971077829679
obs_noise,4,0.30,yield,2,1.0,-0.8520084619522095,-1.0,12378.123779296875,2091.0188145239663,1213.5630908451576,1.4543046678608218
obs_noise,4,0.30,yield,3,0.6729931831359863,-0.8689843416213989,-0.6476959586143494,10184.10400390625,1943.2991698566952,659.0783897331673,1.2012773150508007
obs_noise,4,0.30,n_eff,1,0.07973530143499374,-0.7580358386039734,0.5888580679893494,7923.79150390625,818.6946741488985,164.4567699432373,-0.23135621273755014
obs_noise,4,0.30,n_eff,2,-0.34048277139663696,0.060133397579193115,-1.0,6322.7606201171875,149.1029488515054,900.284207885013,0.34027214499746794
obs_noise,4,0.30,n_eff,3,-0.5342511534690857,-0.29102471470832825,-1.0,5584.503173828125,196.92164666644135,834.5996746316006,-0.03186853750868168
obs_noise,4,0.30,water,1,0.7880551815032959,-0.8328773379325867,-1.0,10622.490234375,1589.0261805959926,1008.5573185435329,-0.560440368424657
obs_noise,4,0.30,water,2,1.0,-0.494606614112854,-1.0,11997.88818359375,593.4925352814053,893.2096174568323,-0.6174196458587612
obs_noise,4,0.30,water,3,0.3466639816761017,-0.21987438201904297,-0.8478561639785767,8940.789794921875,286.5176336972959,739.1424633447623,-0.5783250775900883
obs_noise,4,0.30,balanced,1,0.6243108510971069,-0.3506312072277069,-1.0,9998.624267578125,384.9362701435715,1073.7089608385818,0.05758324437229845
obs_noise,4,0.30,balanced,2,1.0,-0.8494551777839661,-0.40111514925956726,12378.123779296875,2055.5549248921775,560.4460629978769,0.44977564007463866
obs_noise,4,0.30,balanced,3,0.27406835556030273,-0.9284926056861877,-0.11749167740345001,8664.200439453125,3029.1285543984,446.9966694922132,0.3821445336118915
obs_noise,5,0.50,yield,1,0.6585826277732849,-0.9147458076477051,-0.3425607681274414,10129.199829101562,2970.2943105647437,537.024311385215,1.110606750073782
obs_noise,5,0.50,yield,2,-0.9519784450531006,-1.0,0.528201162815094,3992.9620361328125,4255.598302261659,188.71954345703125,-0.2834532300833552
obs_noise,5,0.50,yield,3,-0.45230013132095337,-0.9606355428695679,0.3988668918609619,5896.7364501953125,3744.965164748839,240.45324338751993,0.2524068489682937
obs_noise,5,0.50,n_eff,1,0.774868369102478,-0.8652313351631165,-1.0,10572.24853515625,1961.1846869406459,1603.4396388979033,-0.4273673280850858
obs_noise,5,0.50,n_eff,2,0.16630670428276062,-0.9023611545562744,-1.0,8253.628540039062,2113.3058184093197,903.6678640495298,-0.43988308708115226
obs_noise,5,0.50,n_eff,3,0.6059015989303589,-0.8844054937362671,-1.0,9928.485107421875,2147.265469165569,969.3939456744955,-0.4419348728102394
obs_noise,5,0.50,water,1,0.8129927515983582,-0.8526871800422668,-1.0,10717.50244140625,1818.8337578866704,894.2152188039922,-0.5741205268034526
obs_noise,5,0.50,water,2,-0.15379786491394043,-0.9362051486968994,-1.0,7034.0301513671875,2756.5045027145948,994.4320781232419,-0.533471774613924
obs_noise,5,0.50,water,3,0.4951308071613312,-0.7817620635032654,-0.7153563499450684,9506.448364257812,1089.0004932078537,686.1425299799432,-0.19760114284407038
obs_noise,5,0.50,balanced,1,0.8284037709236145,-0.8293828964233398,-1.0,10776.21826171875,1579.0063092129649,864.4620195458219,0.08355837042773445
obs_noise,5,0.50,balanced,2,-0.41027703881263733,-0.9657372236251831,0.5557482242584229,6056.844482421875,4419.406677246094,177.7007122039795,0.4188500751430837
obs_noise,5,0.50,balanced,3,0.5284750461578369,-0.8731316328048706,-1.0,9633.489990234375,1898.323743796907,930.948064938831,0.04217019211855977
blackout_day,0,No fault,yield,1,0.7723081111907959,-0.687052845954895,0.4661790430545807,10562.493896484375,843.792121887207,213.52838139931305,1.3147479454586073
blackout_day,0,No fault,yield,2,1.0,-0.5516914129257202,0.3769250810146332,11994.4091796875,668.8701285773799,249.22996520996094,1.6174095757662443
blackout_day,0,No fault,yield,3,-0.1291016936302185,-0.7940459847450256,0.3709988296031952,7128.12255859375,865.256519317627,251.60046577453613,0.5492314404326019
blackout_day,0,No fault,n_eff,1,-0.11444011330604553,0.25864431262016296,0.6331285834312439,7183.983154296875,142.69287872314453,146.7485752105713,0.6404135556071999
blackout_day,0,No fault,n_eff,2,0.6968273520469666,0.2215162068605423,0.6571286916732788,10274.912109375,210.29013061523438,137.14852809906006,0.804993586501359
blackout_day,0,No fault,n_eff,3,-0.36161744594573975,-0.1120138019323349,0.584676206111908,6242.237548828125,175.74140167236328,166.12950706481934,0.34366895619648324
blackout_day,0,No fault,water,1,0.7341222167015076,-0.27901139855384827,0.6880831718444824,10417.005615234375,361.20562744140625,124.7667407989502,1.1950673530612321
blackout_day,0,No fault,water,2,0.9022165536880493,-0.17337575554847717,0.6506614089012146,11057.445068359375,334.4157028198242,139.7354393005371,1.2912803119774585
blackout_day,0,No fault,water,3,-0.16651912033557892,-0.5269811153411865,0.5633373856544495,6985.5621337890625,369.2010192871094,174.6650447845459,1.2424142716123434
blackout_day,0,No fault,balanced,1,0.7416377067565918,-0.33489304780960083,0.6153472065925598,10445.6396484375,392.6300735473633,153.86112594604492,0.868090943647365
blackout_day,0,No fault,balanced,2,1.0,0.06991659849882126,0.5685725212097168,11910.482177734375,278.3039855957031,172.57098007202148,1.123395741769849
blackout_day,0,No fault,balanced,3,0.30204489827156067,-0.42361968755722046,0.46454691886901855,8770.791015625,380.4255065917969,214.18122673034668,0.8032144598768116
blackout_day,1,Day 120,yield,1,0.7591075301170349,-0.15545760095119476,0.5269981026649475,10512.19970703125,311.1803436279297,189.20076370239258,1.2276626950109994
blackout_day,1,Day 120,yield,2,1.0,-0.9048088192939758,0.27633267641067505,12275.1513671875,3223.8154467781483,289.4669246614426,1.6020026542361832
blackout_day,1,Day 120,yield,3,0.1485864818096161,-0.9463063478469849,0.2741084098815918,8186.114501953125,3811.4892768859863,290.35663414001465,0.7981302073889134
blackout_day,1,Day 120,n_eff,1,0.6417596936225891,-0.0603305958211422,0.6225332617759705,10065.104370117188,267.7831252442429,150.98669815063477,0.33929564199847234
blackout_day,1,Day 120,n_eff,2,0.9189786314964294,0.046124182641506195,0.6214144229888916,11121.30859375,265.7741012573242,151.4342212703641,0.640248379393347
blackout_day,1,Day 120,n_eff,3,-0.09910266846418381,-0.14093448221683502,0.5895610451698303,7242.4188232421875,210.7644500732422,164.1755781173706,0.3092734109465842
blackout_day,1,Day 120,water,1,0.53010493516922,-0.09417031705379486,0.7691767811775208,9639.69970703125,266.046142578125,92.32929039001465,1.160857467888206
blackout_day,1,Day 120,water,2,0.49629783630371094,-0.10413625091314316,0.7011663913726807,9510.894775390625,265.4113082885742,119.53344535827637,1.3407225619509267
blackout_day,1,Day 120,water,3,-0.2383895367383957,-0.9107962250709534,0.5975286960601807,6711.73583984375,1881.012180306719,160.9885139465332,1.284625848930234
blackout_day,1,Day 120,balanced,1,0.6096177101135254,-0.09862707555294037,0.6303577423095703,9942.643432617188,275.7638702392578,147.8569049835205,0.7360147764781952
blackout_day,1,Day 120,balanced,2,1.0,-0.9058400392532349,0.4861067831516266,12115.853271484375,3216.8269805908203,205.55728912353516,0.818894487243772
blackout_day,1,Day 120,balanced,3,0.16182038187980652,-0.9293988943099976,0.47005605697631836,8236.53564453125,2916.5751190185547,211.97758293151855,0.5559257364960735
blackout_day,2,Day 90,yield,1,-0.005658487789332867,-0.9713766574859619,0.4427489638328552,7598.441162109375,6636.575298309326,222.9004135131836,0.5276281858361663
blackout_day,2,Day 90,yield,2,-0.6875871419906616,-0.9812538623809814,0.4264752268791199,5000.29296875,6668.430595397949,229.40990893581613,-0.13395177200273667
blackout_day,2,Day 90,yield,3,-0.8297762870788574,-1.0,0.34768447279930115,4458.55224609375,2838.2485457265548,260.92621421813965,-0.14246688351545345
blackout_day,2,Day 90,n_eff,1,-0.4908570647239685,-0.32639655470848083,0.7890527844429016,5749.8345947265625,213.39835357666016,84.3788890838623,0.05055463973887825
blackout_day,2,Day 90,n_eff,2,-1.0,-1.0,0.8375144600868225,2396.6099548339844,254.84585571289062,64.99422264099121,-0.3803807120223386
blackout_day,2,Day 90,n_eff,3,-1.0,-1.0,0.8198383450508118,2148.8291931152344,155.7775421142578,72.06466102600098,-0.48308631172666516
blackout_day,2,Day 90,water,1,-0.36450931429862976,-0.9260354042053223,0.8897275924682617,6231.219482421875,2106.1492326494695,44.10897445678711,1.4502236518880003
blackout_day,2,Day 90,water,2,-1.0,-1.0,0.8940418362617493,2247.6498413085938,1671.1483064108306,42.383262634277344,1.533945571780772
blackout_day,2,Day 90,water,3,-1.0,-1.0,0.8978903293609619,2422.8245544433594,504.9993753449112,40.843875885009766,1.5648726078833608
blackout_day,2,Day 90,balanced,1,-0.22510726749897003,-0.4534722566604614,0.7841836214065552,6762.34130859375,309.33203125,86.32653999328613,0.5578748840114882
blackout_day,2,Day 90,balanced,2,-1.0,-1.0,0.7112257480621338,3615.8001708984375,5137.91145324707,115.50969696044922,0.1677520411924226
blackout_day,2,Day 90,balanced,3,-1.0,-1.0,0.6762244701385498,3242.2772216796875,4945.32967376709,129.5102138519287,0.17522935139301699
blackout_day,3,Day 60,yield,1,0.05560751259326935,-0.9772734045982361,0.5141305923461914,7831.8646240234375,8615.31636428833,194.34777450561523,0.6040225399695809
blackout_day,3,Day 60,yield,2,-0.73549884557724,-1.0,0.5591965317726135,4817.749328613281,320.0,176.32139778137207,-0.12226515453342601
blackout_day,3,Day 60,yield,3,-0.8755691647529602,-1.0,0.5301731824874878,4284.0814208984375,7370.05119931247,187.9307346343994,-0.27978583897394294
blackout_day,3,Day 60,n_eff,1,-0.6266148090362549,0.14134158194065094,0.9999860525131226,5232.59765625,114.61506652832031,0.0055904388427734375,0.4912585007334203
blackout_day,3,Day 60,n_eff,2,-1.0,-1.0,0.9999996423721313,2027.9330444335938,112.79381561279297,0.0001354217529296875,-0.45857566051981147
blackout_day,3,Day 60,n_eff,3,-1.0,-1.0,0.9999999403953552,1991.0496520996094,146.23747943304932,2.6702880859375e-05,-0.44218517530925217
blackout_day,3,Day 60,water,1,-0.39844679832458496,-0.9781049489974976,0.9722712635993958,6101.917724609375,6967.226028442383,11.091484069824219,1.5073997130260786
blackout_day,3,Day 60,water,2,-1.0,-1.0,0.9722728133201599,2010.6761169433594,6428.773464007585,11.090877532958984,1.601743042399911
blackout_day,3,Day 60,water,3,-1.0,-1.0,0.9732374548912048,2240.384979248047,6747.193824768066,10.705009460449219,1.595505217968044
blackout_day,3,Day 60,balanced,1,-0.17992539703845978,-0.8720646500587463,0.8098381161689758,6934.4842529296875,1355.0758031771852,76.06475448608398,0.4677064308616701
blackout_day,3,Day 60,balanced,2,-1.0,-1.0,0.8078851103782654,3409.2376708984375,7155.9106521606445,76.845947265625,0.20785992504027395
blackout_day,3,Day 60,balanced,3,-1.0,-1.0,0.8136039972305298,3063.9480590820312,4657.449117624119,74.55840492248535,0.2213153575283172
blackout_day,4,Day 30,yield,1,0.07749414443969727,-0.9818546772003174,0.4554295539855957,7915.252685546875,10905.353519439697,217.82818031311035,0.6713239951626044
blackout_day,4,Day 30,yield,2,-0.7398313283920288,-1.0,0.45621079206466675,4801.24267578125,10998.073947906494,217.51567840576172,-0.08633317227459225
blackout_day,4,Day 30,yield,3,-0.8771250247955322,-1.0,0.4492246210575104,4278.1536865234375,10751.733310699463,220.31014823913574,-0.231151004450718
blackout_day,4,Day 30,n_eff,1,-1.0,-1.0,1.0,3011.3162231445312,63.72754669189453,0.0,-0.6887967267770725
blackout_day,4,Day 30,n_eff,2,-1.0,-1.0,1.0,1755.9310913085938,63.78025817871094,0.0,-0.552975786386988
blackout_day,4,Day 30,n_eff,3,-1.0,-1.0,1.0,1980.8634948730469,62.72889709472656,0.0,-0.5223218632956632
blackout_day,4,Day 30,water,1,-0.39723312854766846,-0.9825618267059326,0.9644101858139038,6106.541748046875,8754.564239501953,14.235929489135742,1.4829861190229545
blackout_day,4,Day 30,water,2,-1.0,-1.0,0.964134931564331,1986.5263366699219,6241.480262071563,14.346025466918945,1.5844179515220083
blackout_day,4,Day 30,water,3,-1.0,-1.0,0.9649626016616821,2238.6146545410156,8621.621154785156,14.014965057373047,1.5711991042620586
blackout_day,4,Day 30,balanced,1,-0.18867039680480957,-0.9809160232543945,0.7522105574607849,6901.165771484375,9040.531898498535,99.11576652526855,0.41217906915904645
blackout_day,4,Day 30,balanced,2,-1.0,-1.0,0.7501972317695618,3399.1970825195312,9110.098106384277,99.92111206054688,0.21083823277428615
blackout_day,4,Day 30,balanced,3,-1.0,-1.0,0.7560716867446899,3064.1827392578125,8916.421997070312,97.57132911682129,0.20359159577745467
blackout_day,5,Day 10,yield,1,0.03156174346804619,-0.9845828413963318,0.40158215165138245,7740.250244140625,12551.376605987549,239.36713409423828,0.6242379786847302
blackout_day,5,Day 10,yield,2,-0.7385184168815613,-1.0,0.39293184876441956,4806.244812011719,12634.725147247314,242.82726287841797,-0.1003680124248908
blackout_day,5,Day 10,yield,3,-0.8763108849525452,-1.0,0.40819358825683594,4281.2554931640625,6071.5072303274665,236.72256660461426,-0.2036675593204893
blackout_day,5,Day 10,n_eff,1,-1.0,-1.0,1.0,3217.2616577148438,72.24299621582031,0.0,-0.6764177458389118
blackout_day,5,Day 10,n_eff,2,-1.0,-1.0,1.0,1720.8131408691406,72.7070083618164,0.0,-0.5223139974655674
blackout_day,5,Day 10,n_eff,3,-1.0,-1.0,1.0,1961.4036560058594,71.27355194091797,0.0,-0.49568964221443435
blackout_day,5,Day 10,water,1,-0.3943660855293274,-0.9701118469238281,0.9588925838470459,6117.4652099609375,5116.969384413451,16.442960739135742,1.5010200817670218
blackout_day,5,Day 10,water,2,-1.0,-1.0,0.9586105942726135,1975.2037048339844,9872.631483582627,16.55575180053711,1.5666729186946213
blackout_day,5,Day 10,water,3,-1.0,-1.0,0.9594447016716003,2276.7001342773438,314.0,16.22212028503418,1.6168992988498574
blackout_day,5,Day 10,balanced,1,-0.18665063381195068,-0.9834108948707581,0.7138151526451111,6908.861083984375,10411.748336791992,114.47394943237305,0.40596817165147536
blackout_day,5,Day 10,balanced,2,-1.0,-1.0,0.711894690990448,3399.1619873046875,10483.388946533203,115.24211311340332,0.20906982506419092
blackout_day,5,Day 10,balanced,3,-1.0,-1.0,0.7176573276519775,3063.3566284179688,10271.928215026855,112.93707084655762,0.23397531456541154
