timestep,n_updates,ep_rew_mean,ep_len_mean,policy_loss,value_loss,entropy_loss,explained_variance,clip_fraction,approx_kl,fps
4096,0,0.0,0.0,0.0,0.0,0.0,0.0,0.0,0.0,0
8192,10,0.0,0.0,-0.00251347,1.32281,-2.836695,-0.388654,0.025928,0.00400193,0
12288,20,0.0,0.0,-0.00344976,0.408015,-2.855899,0.727663,0.040039,0.00502418,0
16384,30,0.0,0.0,-0.00361803,0.284303,-2.881763,0.881285,0.053223,0.00509605,0
20480,40,0.0,0.0,-0.00331203,0.286269,-2.899592,0.931364,0.032178,0.00486036,0
24576,50,0.0,0.0,-0.00305884,0.30823,-2.913612,0.93959,0.041479,0.00603062,0
28672,60,0.0,0.0,-0.00437537,0.25361,-2.904633,0.956353,0.053833,0.00714384,0
32768,70,0.0,0.0,-0.00297049,0.349533,-2.883195,0.942562,0.041431,0.00516732,0
36864,80,0.0,0.0,-0.00426606,0.564378,-2.872842,0.910505,0.047656,0.00537554,0
40960,90,0.0,0.0,-0.00269485,0.391107,-2.876125,0.898174,0.036914,0.00505039,0
45056,100,0.0,0.0,-0.00214995,0.34697,-2.869988,0.935617,0.04812,0.00409322,0
49152,110,0.0,0.0,-0.00510038,0.350622,-2.866485,0.923268,0.065283,0.00670667,0
53248,120,0.0,0.0,-0.00343212,0.337659,-2.859552,0.932144,0.037573,0.00495767,0
57344,130,0.0,0.0,-0.00354732,0.389743,-2.844736,0.940925,0.035425,0.0049816,0
61440,140,0.0,0.0,-0.00487191,0.3839,-2.83255,0.937362,0.054517,0.00611367,0
65536,150,0.0,0.0,-0.00217335,0.589068,-2.832135,0.896608,0.034863,0.00489172,0
69632,160,0.0,0.0,-0.00170988,0.508499,-2.82621,0.870673,0.027173,0.00402425,0
73728,170,0.0,0.0,-0.00395206,0.422613,-2.823605,0.891708,0.061401,0.00543487,0
77824,180,0.0,0.0,-0.00235177,0.461508,-2.810372,0.875041,0.033569,0.00480359,0
81920,190,0.0,0.0,-0.00435339,0.466613,-2.80158,0.906763,0.055688,0.00457168,0
86016,200,0.0,0.0,-0.00317791,0.380466,-2.805925,0.898776,0.066943,0.0058202,0
90112,210,0.0,0.0,-0.00269504,0.40239,-2.803662,0.932959,0.054932,0.00490691,0
94208,220,0.0,0.0,-0.00352582,0.301787,-2.783361,0.940478,0.050977,0.00661565,0
98304,230,0.0,0.0,-0.00240622,0.266716,-2.766227,0.939963,0.042798,0.00414241,0
102400,240,0.0,0.0,-0.00249334,0.464401,-2.760558,0.91936,0.040137,0.00535677,0
106496,250,0.0,0.0,-0.00300206,0.602986,-2.753599,0.899305,0.062427,0.00644755,0
110592,260,0.0,0.0,-0.00695229,0.379537,-2.726348,0.922828,0.07417,0.00744656,0
114688,270,0.0,0.0,-0.00389679,0.373624,-2.710677,0.90901,0.049658,0.00471513,0
118784,280,0.0,0.0,-0.00192136,0.319962,-2.700181,0.911728,0.036938,0.00445487,0
122880,290,0.0,0.0,-0.005452,0.276688,-2.672237,0.935199,0.055664,0.00534743,0
126976,300,0.0,0.0,-0.00472396,0.389306,-2.652576,0.902327,0.056226,0.00505888,0
131072,310,0.0,0.0,-0.00404853,0.297243,-2.65235,0.907571,0.051636,0.0044422,0
135168,320,0.0,0.0,-0.00493993,0.445825,-2.66226,0.903597,0.05625,0.00581992,0
139264,330,0.0,0.0,-0.00333144,0.375533,-2.675815,0.918712,0.059961,0.00611831,0
143360,340,0.0,0.0,-0.00361498,0.413768,-2.659893,0.920348,0.048486,0.00377428,0
147456,350,0.0,0.0,-0.00352307,0.28755,-2.632821,0.923892,0.056787,0.00551992,0
151552,360,0.0,0.0,-0.00249114,0.356034,-2.6225,0.915277,0.04917,0.00575274,0
155648,370,0.0,0.0,-0.00471798,0.471468,-2.632488,0.891334,0.04646,0.00415561,0
159744,380,0.0,0.0,-0.00481027,0.416642,-2.636679,0.917634,0.066919,0.00765429,0
163840,390,0.0,0.0,-0.00219037,0.354803,-2.638253,0.916342,0.041235,0.0050015,0
167936,400,0.0,0.0,-0.00406454,0.346016,-2.676749,0.916727,0.048755,0.00505183,0
172032,410,0.0,0.0,-0.00640712,0.503966,-2.680932,0.87948,0.094092,0.00797989,0
176128,420,0.0,0.0,-0.00490101,0.270044,-2.687656,0.935794,0.079126,0.00722196,0
180224,430,0.0,0.0,-0.00520706,0.362375,-2.72621,0.924273,0.06167,0.00759745,0
184320,440,0.0,0.0,-0.0035488,0.453652,-2.765812,0.912877,0.052222,0.00534089,0
188416,450,0.0,0.0,-0.00551861,0.430043,-2.775766,0.935776,0.07644,0.00672893,0
192512,460,0.0,0.0,-0.00340664,0.503978,-2.78186,0.921601,0.052222,0.00580003,0
196608,470,0.0,0.0,-0.00367779,0.374096,-2.781103,0.946059,0.074146,0.00601594,0
200704,480,0.0,0.0,-0.003799,0.394774,-2.78755,0.948288,0.068115,0.00541968,0
204800,490,0.0,0.0,-0.00422195,0.501444,-2.787729,0.932696,0.066016,0.0064724,0
208896,500,0.0,0.0,-0.00523165,0.37799,-2.816569,0.949622,0.070044,0.00627706,0
212992,510,0.0,0.0,-0.00494813,0.384021,-2.852938,0.942404,0.060889,0.00610943,0
217088,520,0.0,0.0,-0.00372319,0.334862,-2.896365,0.946646,0.046582,0.00481746,0
221184,530,0.0,0.0,-0.00253931,0.611056,-2.920181,0.917658,0.062256,0.00571323,0
225280,540,0.0,0.0,-0.00484232,0.420712,-2.940139,0.935409,0.08562,0.0085636,0
229376,550,0.0,0.0,-0.00473534,0.327105,-2.965718,0.946438,0.07312,0.00708223,0
233472,560,0.0,0.0,-0.00577904,0.453453,-2.980854,0.927017,0.070068,0.00561896,0
237568,570,0.0,0.0,-0.00259595,0.425455,-2.990596,0.939164,0.061792,0.00566707,0
241664,580,0.0,0.0,-0.00480965,0.312618,-2.995615,0.960863,0.058008,0.00674319,0
245760,590,0.0,0.0,-0.00521172,0.390475,-3.001696,0.946861,0.057056,0.00662831,0
249856,600,0.0,0.0,-0.00301852,0.333447,-3.008697,0.944873,0.068188,0.00672641,0
253952,610,0.0,0.0,-0.00520148,0.220161,-3.008069,0.964813,0.077368,0.00723074,0
258048,620,0.0,0.0,-0.00353549,0.316468,-3.024752,0.936066,0.073364,0.00629794,0
262144,630,0.0,0.0,-0.00215927,0.342151,-3.047212,0.943488,0.049072,0.00555286,0
266240,640,0.0,0.0,-0.00377576,0.397921,-3.058957,0.939826,0.048462,0.0040932,0
270336,650,0.0,0.0,-0.00384531,0.310562,-3.073541,0.950235,0.056885,0.00582794,0
274432,660,0.0,0.0,-0.00414299,0.264545,-3.084021,0.948524,0.057153,0.00600442,0
278528,670,0.0,0.0,-0.00511234,0.326377,-3.109009,0.92357,0.0698,0.0077258,0
282624,680,0.0,0.0,-0.00345534,0.215339,-3.120918,0.957238,0.078467,0.00715263,0
286720,690,0.0,0.0,-0.00556518,0.190566,-3.12219,0.969217,0.091455,0.00731083,0
290816,700,0.0,0.0,-0.00542012,0.195035,-3.120496,0.969174,0.086475,0.00668736,0
294912,710,0.0,0.0,-0.00435996,0.283903,-3.124639,0.947027,0.085376,0.0088501,0
299008,720,0.0,0.0,-0.00354071,0.198137,-3.132806,0.96656,0.069189,0.00695451,0
303104,730,0.0,0.0,-0.00310244,0.224564,-3.12862,0.960906,0.049487,0.00598237,0
307200,740,0.0,0.0,-0.00878108,0.243583,-3.125677,0.955095,0.081689,0.00745368,0
311296,750,0.0,0.0,-0.0046538,0.144586,-3.121198,0.975295,0.092065,0.00812442,0
315392,760,0.0,0.0,-0.006085,0.471119,-3.126593,0.935932,0.079517,0.0082735,0
319488,770,0.0,0.0,-0.00690778,0.180413,-3.12167,0.964795,0.114868,0.00854495,0
323584,780,0.0,0.0,-0.00604134,0.133032,-3.099516,0.972977,0.090503,0.00708608,0
327680,790,0.0,0.0,-0.00479938,0.139419,-3.101674,0.978067,0.083643,0.00820262,0
331776,800,0.0,0.0,-0.00467322,0.149615,-3.103472,0.968883,0.061816,0.00648973,0
335872,810,0.0,0.0,-0.00395457,0.19079,-3.103346,0.966142,0.069629,0.00621568,0
339968,820,0.0,0.0,-0.00451216,0.150335,-3.096314,0.970826,0.074927,0.0064259,0
344064,830,0.0,0.0,-0.00241559,0.158591,-3.087232,0.971445,0.069727,0.0071678,0
348160,840,0.0,0.0,-0.0075431,0.121794,-3.081182,0.977394,0.107886,0.00686605,0
352256,850,0.0,0.0,-0.00537702,0.166251,-3.094367,0.96721,0.089575,0.0080099,0
356352,860,0.0,0.0,-0.00437858,0.14415,-3.119445,0.9708,0.057544,0.00499704,0
360448,870,0.0,0.0,-0.00398853,0.119552,-3.13523,0.976056,0.076318,0.00829756,0
364544,880,0.0,0.0,-0.00625041,0.128932,-3.144267,0.977479,0.085425,0.00682006,0
368640,890,0.0,0.0,-0.00336005,0.123172,-3.152234,0.972827,0.064551,0.00717215,0
372736,900,0.0,0.0,-0.00270232,0.214037,-3.14683,0.964215,0.055786,0.00588201,0
376832,910,0.0,0.0,-0.00475939,0.126796,-3.127122,0.976179,0.075122,0.00822991,0
380928,920,0.0,0.0,-0.0025437,0.105078,-3.112444,0.979794,0.065869,0.00573714,0
385024,930,0.0,0.0,-0.00368488,0.345443,-3.120744,0.933514,0.110083,0.00985518,0
389120,940,0.0,0.0,-0.00398171,0.182312,-3.137277,0.965157,0.064014,0.0067021,0
393216,950,0.0,0.0,-0.00540169,0.116432,-3.151384,0.968422,0.092944,0.00852963,0
397312,960,0.0,0.0,-0.00713222,0.090074,-3.155729,0.970264,0.111792,0.0100751,0
401408,970,0.0,0.0,-0.00622391,0.084952,-3.141284,0.979839,0.104858,0.00942217,0
405504,980,0.0,0.0,-0.00545796,0.083099,-3.129255,0.975118,0.071582,0.00743369,0
409600,990,0.0,0.0,-0.00437584,0.079797,-3.131151,0.976623,0.065894,0.00560339,0
413696,1000,0.0,0.0,-0.00445766,0.091916,-3.129,0.970146,0.078857,0.00806651,0
417792,1010,0.0,0.0,-0.00353577,0.10271,-3.118226,0.970447,0.067651,0.00692276,0
421888,1020,0.0,0.0,-0.0027463,0.092484,-3.122251,0.967017,0.075903,0.00713806,0
425984,1030,0.0,0.0,-0.00350983,0.106611,-3.144053,0.94961,0.08999,0.00778614,0
430080,1040,0.0,0.0,-0.00598033,0.066593,-3.160965,0.966349,0.075781,0.00756745,0
434176,1050,0.0,0.0,-0.00261928,0.078249,-3.168684,0.963168,0.06377,0.00584225,0
438272,1060,0.0,0.0,-0.00638551,0.072097,-3.186712,0.963186,0.081689,0.00820442,0
442368,1070,0.0,0.0,-0.00498912,0.066047,-3.196186,0.974733,0.074854,0.00837315,0
446464,1080,0.0,0.0,-0.0065478,0.078547,-3.204975,0.968775,0.08855,0.00711295,0
450560,1090,0.0,0.0,-0.00549327,0.095058,-3.201715,0.966947,0.084814,0.00787642,0
454656,1100,0.0,0.0,-0.0036719,0.072604,-3.199113,0.969405,0.074854,0.00633772,0
458752,1110,0.0,0.0,-0.00276357,0.076427,-3.212903,0.968421,0.093433,0.00944338,0
462848,1120,0.0,0.0,-0.00356472,0.066966,-3.221374,0.975295,0.077026,0.00725325,0
466944,1130,0.0,0.0,-0.00405392,0.053869,-3.22644,0.963749,0.097925,0.00954251,0
471040,1140,0.0,0.0,-0.00439867,0.052365,-3.234858,0.969317,0.082593,0.00860054,0
475136,1150,0.0,0.0,-0.00239849,0.053295,-3.255033,0.968933,0.054712,0.00540975,0
479232,1160,0.0,0.0,-0.00511328,0.089265,-3.281751,0.961616,0.08855,0.00825206,0
483328,1170,0.0,0.0,-0.00261038,0.07098,-3.289933,0.963186,0.068506,0.00636029,0
487424,1180,0.0,0.0,-0.00697063,0.066423,-3.303462,0.971849,0.100439,0.00815984,0
491520,1190,0.0,0.0,-0.00383164,0.043882,-3.291654,0.97214,0.066382,0.00542006,0
495616,1200,0.0,0.0,-0.00381684,0.064056,-3.293823,0.969062,0.076245,0.00664835,0
499712,1210,0.0,0.0,-0.00550599,0.047733,-3.303846,0.97488,0.083667,0.00838324,0
503808,1220,0.0,0.0,-0.0051835,0.051261,-3.315892,0.96752,0.076074,0.00599132,0
507904,1230,0.0,0.0,-0.00376905,0.053536,-3.304957,0.956566,0.07168,0.00737489,0
512000,1240,0.0,0.0,-0.00589656,0.068611,-3.278606,0.952439,0.074854,0.00708534,0
516096,1250,0.0,0.0,-0.00541275,0.066629,-3.263745,0.944156,0.07959,0.00773339,0
520192,1260,0.0,0.0,-0.00449096,0.060681,-3.268322,0.952522,0.084375,0.00811871,0
524288,1270,0.0,0.0,-0.00615819,0.057187,-3.265721,0.955876,0.075439,0.00738755,0
528384,1280,0.0,0.0,-0.00380233,0.079151,-3.267033,0.951502,0.058691,0.00558894,0
532480,1290,0.0,0.0,-0.00544922,0.08552,-3.275703,0.947661,0.085376,0.00783326,0
536576,1300,0.0,0.0,-0.00330958,0.051946,-3.294434,0.968295,0.073291,0.00720029,0
540672,1310,0.0,0.0,-0.00423343,0.063757,-3.303771,0.96372,0.070117,0.0061114,0
544768,1320,0.0,0.0,-0.00642564,0.053537,-3.323251,0.972278,0.087354,0.00902906,0
548864,1330,0.0,0.0,-0.0027164,0.05417,-3.337238,0.97101,0.06521,0.00575053,0
552960,1340,0.0,0.0,-0.00495725,0.055244,-3.323254,0.956045,0.071094,0.00890185,0
557056,1350,0.0,0.0,-0.00651725,0.047934,-3.313622,0.964857,0.107446,0.00779581,0
561152,1360,0.0,0.0,-0.00563135,0.072397,-3.309574,0.956689,0.075024,0.00752867,0
565248,1370,0.0,0.0,-0.00476345,0.058723,-3.313027,0.957535,0.05896,0.00714397,0
569344,1380,0.0,0.0,-0.00440606,0.051751,-3.306266,0.966999,0.062183,0.00686659,0
573440,1390,0.0,0.0,-0.00628572,0.058422,-3.287851,0.952726,0.083765,0.00855778,0
577536,1400,0.0,0.0,-0.00615488,0.05558,-3.265374,0.953212,0.079834,0.00759842,0
581632,1410,0.0,0.0,-0.00679839,0.05067,-3.267331,0.960985,0.08269,0.00765795,0
585728,1420,0.0,0.0,-0.00404907,0.050151,-3.278626,0.95441,0.078857,0.00839052,0
589824,1430,0.0,0.0,-0.00444611,0.0548,-3.282763,0.961961,0.074316,0.00774334,0
593920,1440,0.0,0.0,-0.00497157,0.052665,-3.295428,0.965259,0.06604,0.00626125,0
598016,1450,0.0,0.0,-0.00458936,0.053133,-3.323593,0.955119,0.066382,0.0071551,0
602112,1460,0.0,0.0,-0.00644555,0.04398,-3.346995,0.967321,0.078589,0.00664005,0
606208,1470,0.0,0.0,-0.00563394,0.040368,-3.34949,0.961913,0.075244,0.00704269,0
610304,1480,0.0,0.0,-0.00638799,0.044097,-3.330017,0.97022,0.07959,0.00832785,0
614400,1490,0.0,0.0,-0.00715065,0.069231,-3.31701,0.947818,0.069409,0.00809568,0
618496,1500,0.0,0.0,-0.00381907,0.036249,-3.313058,0.976689,0.07373,0.00703914,0
622592,1510,0.0,0.0,-0.00442193,0.053709,-3.302213,0.966069,0.073022,0.00702127,0
626688,1520,0.0,0.0,-0.00449113,0.056824,-3.29821,0.966796,0.069263,0.00653884,0
630784,1530,0.0,0.0,-0.00540173,0.064326,-3.291957,0.944129,0.092798,0.00796407,0
634880,1540,0.0,0.0,-0.00612157,0.071003,-3.28696,0.956808,0.087451,0.00942678,0
638976,1550,0.0,0.0,-0.00515566,0.065606,-3.290771,0.960605,0.064478,0.00634573,0
643072,1560,0.0,0.0,-0.00657346,0.042913,-3.289123,0.96537,0.087402,0.00805134,0
647168,1570,0.0,0.0,-0.00495617,0.049168,-3.29719,0.97085,0.075244,0.00686286,0
651264,1580,0.0,0.0,-0.00841592,0.042503,-3.294241,0.972194,0.101733,0.00927686,0
655360,1590,0.0,0.0,-0.00761729,0.049913,-3.290033,0.966006,0.091138,0.00883365,0
659456,1600,0.0,0.0,-0.00467165,0.051298,-3.279648,0.962146,0.07771,0.00671178,0
663552,1610,0.0,0.0,-0.00814964,0.047315,-3.297733,0.973243,0.09502,0.00836317,0
667648,1620,0.0,0.0,-0.0049941,0.044812,-3.30069,0.973749,0.064282,0.00609973,0
671744,1630,0.0,0.0,-0.00592982,0.037425,-3.302635,0.976989,0.092603,0.00869053,0
675840,1640,0.0,0.0,-0.00537372,0.340369,-3.317574,0.831829,0.102319,0.00912783,0
679936,1650,0.0,0.0,-0.00660976,0.040741,-3.345908,0.964557,0.080615,0.00704589,0
684032,1660,0.0,0.0,-0.00515334,0.039212,-3.363013,0.96727,0.060229,0.00582505,0
688128,1670,0.0,0.0,-0.00500877,0.038949,-3.389358,0.974407,0.068726,0.00724912,0
692224,1680,0.0,0.0,-0.00579676,0.032441,-3.416152,0.975958,0.061963,0.00590453,0
696320,1690,0.0,0.0,-0.00618784,0.044822,-3.423939,0.968733,0.067773,0.00731799,0
700416,1700,0.0,0.0,-0.00851195,0.045285,-3.404801,0.972559,0.079053,0.0072542,0
704512,1710,0.0,0.0,-0.004608,0.054465,-3.404602,0.969725,0.053198,0.00593019,0
708608,1720,0.0,0.0,-0.00545781,0.050149,-3.411671,0.969763,0.059814,0.00572346,0
712704,1730,0.0,0.0,-0.00580825,0.044805,-3.411575,0.97506,0.067139,0.00776607,0
716800,1740,0.0,0.0,-0.00604276,0.044634,-3.412093,0.971392,0.071582,0.00704576,0
720896,1750,0.0,0.0,-0.00426054,0.041727,-3.405766,0.975086,0.062158,0.006005,0
724992,1760,0.0,0.0,-0.00997002,0.02945,-3.396955,0.97888,0.089233,0.00805738,0
729088,1770,0.0,0.0,-0.00840184,0.025339,-3.389294,0.982316,0.103906,0.00977347,0
733184,1780,0.0,0.0,-0.00525243,0.043104,-3.373052,0.969595,0.080225,0.00832056,0
737280,1790,0.0,0.0,-0.00584022,0.040406,-3.373733,0.971083,0.074951,0.00676582,0
741376,1800,0.0,0.0,-0.00471349,0.029441,-3.381083,0.976976,0.070288,0.00650603,0
745472,1810,0.0,0.0,-0.00422617,0.034109,-3.391624,0.971757,0.067773,0.00813871,0
749568,1820,0.0,0.0,-0.00499436,0.04001,-3.402346,0.975198,0.073291,0.00690538,0
753664,1830,0.0,0.0,-0.00500047,0.039269,-3.419007,0.973109,0.072607,0.00660777,0
757760,1840,0.0,0.0,-0.00666181,0.040948,-3.426048,0.969274,0.078784,0.00755741,0
761856,1850,0.0,0.0,-0.00689996,0.04111,-3.427394,0.968586,0.090625,0.00806922,0
765952,1860,0.0,0.0,-0.00603896,0.042536,-3.422637,0.964046,0.093701,0.00736519,0
770048,1870,0.0,0.0,-0.00297836,0.282142,-3.425195,0.85576,0.076294,0.00636833,0
774144,1880,0.0,0.0,-0.00720152,0.050435,-3.444633,0.96403,0.07395,0.00778222,0
778240,1890,0.0,0.0,-0.0064135,0.044376,-3.43658,0.966054,0.069897,0.0069725,0
782336,1900,0.0,0.0,-0.00590309,0.042789,-3.431581,0.970293,0.079883,0.00752329,0
786432,1910,0.0,0.0,-0.00473994,0.032923,-3.419901,0.973914,0.066528,0.00639901,0
790528,1920,0.0,0.0,-0.00657127,0.031675,-3.411132,0.9794,0.073535,0.00657349,0
794624,1930,0.0,0.0,-0.00629514,0.034032,-3.422884,0.975095,0.079517,0.00755781,0
798720,1940,0.0,0.0,-0.00682039,0.046442,-3.441563,0.968509,0.072705,0.00749309,0
802816,1950,0.0,0.0,-0.00516222,0.035888,-3.449504,0.975313,0.059839,0.00636708,0
806912,1960,0.0,0.0,-0.00639059,0.038461,-3.447051,0.973957,0.086304,0.00804317,0
811008,1970,0.0,0.0,-0.00617005,0.040061,-3.435277,0.959847,0.074976,0.0080187,0
815104,1980,0.0,0.0,-0.00653472,0.04013,-3.42714,0.970674,0.087109,0.00737289,0
819200,1990,0.0,0.0,-0.00748729,0.028011,-3.434366,0.97818,0.081616,0.00762744,0
823296,2000,0.0,0.0,-0.00448853,0.040939,-3.439599,0.972563,0.066968,0.00641826,0
827392,2010,0.0,0.0,-0.00558649,0.032129,-3.455836,0.978195,0.066553,0.00781456,0
831488,2020,0.0,0.0,-0.00399971,0.034731,-3.469764,0.975624,0.054688,0.00534254,0
835584,2030,0.0,0.0,-0.00478358,0.046817,-3.485605,0.971057,0.078882,0.00803561,0
839680,2040,0.0,0.0,-0.00544251,0.036931,-3.490679,0.973296,0.060913,0.0057176,0
843776,2050,0.0,0.0,-0.00497491,0.028103,-3.493061,0.97295,0.070557,0.00577332,0
847872,2060,0.0,0.0,-0.00409539,0.034324,-3.494937,0.972267,0.045972,0.0051996,0
851968,2070,0.0,0.0,-0.00307387,0.313488,-3.502169,0.831679,0.073242,0.00726811,0
856064,2080,0.0,0.0,-0.00616484,0.052329,-3.5209,0.958318,0.069385,0.00814358,0
860160,2090,0.0,0.0,-0.00802101,0.03951,-3.538257,0.968526,0.089258,0.00853913,0
864256,2100,0.0,0.0,-0.00488288,0.032078,-3.559918,0.972019,0.071582,0.00801654,0
868352,2110,0.0,0.0,-0.00540584,0.047132,-3.580757,0.968944,0.060986,0.00667796,0
872448,2120,0.0,0.0,-0.00691446,0.033883,-3.588413,0.971073,0.085596,0.00709975,0
876544,2130,0.0,0.0,-0.0058523,0.028069,-3.578357,0.973402,0.066333,0.00675444,0
880640,2140,0.0,0.0,-0.00611391,0.038745,-3.555751,0.973855,0.075635,0.0074307,0
884736,2150,0.0,0.0,-0.00621007,0.047411,-3.554503,0.970019,0.065063,0.00653417,0
888832,2160,0.0,0.0,-0.0051533,0.040037,-3.560569,0.975422,0.054663,0.00635442,0
892928,2170,0.0,0.0,-0.00297831,0.051069,-3.580284,0.970273,0.045923,0.00566962,0
897024,2180,0.0,0.0,-0.00748998,0.039263,-3.583257,0.973509,0.076685,0.00777094,0
901120,2190,0.0,0.0,-0.00703493,0.066095,-3.586566,0.956493,0.070435,0.00801732,0
905216,2200,0.0,0.0,-0.00582122,0.04173,-3.585665,0.969195,0.068701,0.00585068,0
909312,2210,0.0,0.0,-0.0059241,0.05251,-3.601474,0.97174,0.052368,0.00609843,0
913408,2220,0.0,0.0,-0.00674983,0.039436,-3.603817,0.974197,0.062769,0.00721888,0
917504,2230,0.0,0.0,-0.00631386,0.040475,-3.600027,0.975076,0.058032,0.0061205,0
921600,2240,0.0,0.0,-0.00537515,0.032863,-3.59679,0.975167,0.073291,0.0072376,0
925696,2250,0.0,0.0,-0.00554943,0.039084,-3.595592,0.977522,0.064551,0.00662639,0
929792,2260,0.0,0.0,-0.00720055,0.043567,-3.577264,0.962532,0.071436,0.00773165,0
933888,2270,0.0,0.0,-0.00621294,0.036666,-3.581397,0.971821,0.075317,0.00663047,0
937984,2280,0.0,0.0,-0.00570761,0.038793,-3.592124,0.975194,0.07168,0.00691803,0
942080,2290,0.0,0.0,-0.00419261,0.031181,-3.59757,0.975666,0.062402,0.00699647,0
946176,2300,0.0,0.0,-0.00652128,0.042584,-3.601064,0.969247,0.06687,0.00621627,0
950272,2310,0.0,0.0,-0.00614255,0.041738,-3.601072,0.970078,0.081299,0.00865494,0
954368,2320,0.0,0.0,-0.00499326,0.032855,-3.589019,0.977924,0.0552,0.00665089,0
958464,2330,0.0,0.0,-0.00719442,0.036968,-3.577609,0.975183,0.084766,0.00780642,0
962560,2340,0.0,0.0,-0.0070111,0.047179,-3.57946,0.972465,0.089648,0.00875191,0
966656,2350,0.0,0.0,-0.00506785,0.038192,-3.604547,0.968917,0.07002,0.00710305,0
970752,2360,0.0,0.0,-0.0052598,0.048306,-3.629691,0.963539,0.061255,0.0063646,0
974848,2370,0.0,0.0,-0.00677355,0.036677,-3.607607,0.967382,0.064258,0.00699432,0
978944,2380,0.0,0.0,-0.00530059,0.042259,-3.598167,0.965364,0.075562,0.00680546,0
983040,2390,0.0,0.0,-0.00356546,0.036833,-3.59623,0.967695,0.05791,0.00654462,0
987136,2400,0.0,0.0,-0.00487659,0.032849,-3.594154,0.970237,0.063818,0.0064923,0
991232,2410,0.0,0.0,-0.00558541,0.054377,-3.604437,0.966552,0.069849,0.00763023,0
995328,2420,0.0,0.0,-0.00615542,0.038676,-3.613002,0.969966,0.073291,0.006877,0
999424,2430,0.0,0.0,-0.00447332,0.026439,-3.599627,0.973637,0.059375,0.00568207,0
1003520,2440,0.0,0.0,-0.00505743,0.046987,-3.614752,0.964775,0.062646,0.00626062,0
